Year,Venue,Title,Authors,DOI,Citations
2011,T-IE,Delay Compensation in Model Predictive Current Control of a Three-Phase Inverter,Patricio Cortés; José Rodríguez; César Silva; Alexis Flores,https://doi.org/10.1109/tie.2011.2157284,1110
2002,T-Mech,Internet-based teleoperation using wave variables with prediction,Saghir Munir; Wayne J. Book,https://doi.org/10.1109/tmech.2002.1011249,377
2019,T-VT,Flight Delay Prediction Based on Aviation Big Data and Machine Learning,Guan Gui; Fan Liu; Jinlong Sun; Jie Yang; Ziqi Zhou,https://doi.org/10.1109/tvt.2019.2954094,341
2013,T-IE,Predictive Output Feedback Control for Networked Control Systems,Rongni Yang; Shuai Liu; Peng Shi; Clive Thomas; Michael Basin,https://doi.org/10.1109/tie.2013.2248339,309
2010,T-AC,Lyapunov Stability of Linear Predictor Feedback for Time-Varying Input Delay,Miroslav Krstić,https://doi.org/10.1109/tac.2009.2038196,298
2012,Automatica,Truncated predictor feedback for linear systems with long time-varying input delays,Bin Zhou; Zongli Lin; Guang‐Ren Duan,https://doi.org/10.1016/j.automatica.2012.06.032,291
2004,T-IE,Predictive Current Control of Voltage-Source Inverters,Haitham Abu‐Rub; Jarosław Guziński; Z Krzemiński; Hamid A. Toliyat,https://doi.org/10.1109/tie.2004.825364,250
2008,Automatica,Lyapunov tools for predictor feedbacks for delay systems: Inverse optimality and robustness to delay mismatch,Miroslav Krstić,https://doi.org/10.1016/j.automatica.2008.04.010,238
2014,T-CST,Wide-Area Damping Controller for Power System Interarea Oscillations: A Networked Predictive Control Approach,Wei Yao; Lin Jiang; Jinyu Wen; Qinghua Wu; Shijie Cheng,https://doi.org/10.1109/tcst.2014.2311852,226
2009,T-IE,Predictive Direct Torque Control for Flux and Torque Ripple Reduction,Jef Beerten; Jan Verveckken; Johan Driesen,https://doi.org/10.1109/tie.2009.2033487,225
2012,T-AC,Compensation of State-Dependent Input Delay for Nonlinear Systems,Nikolaos Bekiaris‐Liberis; Miroslav Krstić,https://doi.org/10.1109/tac.2012.2208294,223
2010,T-AC,Delay-Adaptive Predictor Feedback for Systems With Unknown Long Actuator Delay $ $,Delphine Bresch‐Pietri; Miroslav Krstić,https://doi.org/10.1109/tac.2010.2050352,199
2008,T-IE,"A Design Method of Communication Disturbance Observer for Time-Delay Compensation, Taking the Dynamic Property of Network Disturbance Into Account",Kenji Natori; Kouhei Ohnishi,https://doi.org/10.1109/tie.2008.918635,199
2019,T-VT,Delay-Minimization Routing for Heterogeneous VANETs With Machine Learning Based Mobility Prediction,Yujie Tang; Nan Cheng; Wen Wu; Miao Wang; Yanpeng Dai,https://doi.org/10.1109/tvt.2019.2899627,199
2009,T-AC,Compensating a String PDE in the Actuation or Sensing Path of an Unstable ODE,Miroslav Krstić,https://doi.org/10.1109/tac.2009.2015557,184
2012,T-II,${\cal H}_{\infty}$ Step Tracking Control for Networked Discrete-Time Nonlinear Systems With Integral and Predictive Actions,Hui Zhang; Yang Shi; Mingxi Liu,https://doi.org/10.1109/tii.2012.2225434,181
2009,T-II,Design the Remote Control System With the Time-Delay Estimator and the Adaptive Smith Predictor,Chien-Liang Lai; Pau‐Lo Hsu,https://doi.org/10.1109/tii.2009.2037917,179
2015,T-IE,Data-Based Predictive Control for Networked Nonlinear Systems With Network-Induced Delay and Packet Dropout,Zhong‐Hua Pang; Shuai Liu; Donghua Zhou; Dehui Sun,https://doi.org/10.1109/tie.2015.2497206,172
2004,Automatica,Robust prediction-based control for unstable delay systems: Application to the yaw control of a mini-helicopter,R. Lozano; P. Castillo; Pedro García; Alejandro Dzul,https://doi.org/10.1016/j.automatica.2003.10.007,166
2006,T-CST,Compensation for transmission delays in an ethernet-based control network using variable-horizon predictive control,Poi Loon Tang; C.W. de Silva,https://doi.org/10.1109/tcst.2006.876640,166
2021,T-ITS,Model Predictive Control for Connected Vehicle Platoon Under Switching Communication Topology,Pangwei Wang; Hui Deng; Juan Zhang; Li Wang; Mingfang Zhang,https://doi.org/10.1109/tits.2021.3073012,161
2010,T-AC,Lyapunov Stability of Linear Predictor Feedback for Distributed Input Delays,Nikolaos Bekiaris‐Liberis; Miroslav Krstić,https://doi.org/10.1109/tac.2010.2092030,160
2019,T-IE,Novel Compensation Strategy for Calculation Delay of Finite Control Set Model Predictive Current Control in PMSM,Jinqiu Gao; Chao Gong; Wenzhen Li; Jinglin Liu,https://doi.org/10.1109/tie.2019.2934060,160
2010,T-AC,Networked Predictive Control of Uncertain Constrained Nonlinear Systems: Recursive Feasibility and Input-to-State Stability Analysis,Gilberto Pin; Thomas Parisini,https://doi.org/10.1109/tac.2010.2051091,154
2014,T-AC,Delay-Adaptive Control for Nonlinear Systems,Delphine Bresch‐Pietri; Miroslav Krstić,https://doi.org/10.1109/tac.2014.2298711,153
2014,Automatica,New predictive scheme for the control of LTI systems with input delay and unknown disturbances,Vincent Léchappé; Emmanuel Moulay; Franck Plestan; Alain Glumineau; Abdelhamid Chriette,https://doi.org/10.1016/j.automatica.2014.11.003,150
2019,T-ITS,Subway Passenger Flow Prediction for Special Events Using Smart Card Data,Enhui Chen; Zhirui Ye; Chao Wang; Mingtao Xu,https://doi.org/10.1109/tits.2019.2902405,150
2008,T-IE,Comparison of Prediction Techniques to Compensate Time Delays Caused by Digital Control of a Three-Phase Buck-Type PWM Rectifier System,Thomas Nußbaumer; Marcelo Lobo Heldwein; Guanghai Gong; S.D. Round; Johann W. Kolar,https://doi.org/10.1109/tie.2007.909061,148
2009,Automatica,Distributed model predictive control of nonlinear systems subject to asynchronous and delayed measurements,Jinfeng Liu; David Muñoz de la Peña; Panagiotis D. Christofides,https://doi.org/10.1016/j.automatica.2009.10.033,141
2000,T-Mech,Development of a multi-behavior based mobile robot for remote supervisory control through the Internet,Ren Luo; Tse Min Chen,https://doi.org/10.1109/3516.891049,137
2018,T-IE,Networked Fuzzy Predictive Control of Power Buffers for Dynamic Stabilization of DC Microgrids,Navid Vafamand; Mohammad Hassan Khooban; Tomislav Dragičević; Frede Blaabjerg,https://doi.org/10.1109/tie.2018.2826485,136
2011,Automatica,Predictor-based control for an uncertain Euler–Lagrange system with input delay,Nitin Sharma; Shubhendu Bhasin; Qiang Wang; Warren E. Dixon,https://doi.org/10.1016/j.automatica.2011.03.016,134
2010,T-IE,Control Over Imperfect Networks: Model-Based Predictive Networked Control Systems,Ahmet Onat; Teoman Naskali; Emrah Mehmet Parlakay; Ozan Mutluer,https://doi.org/10.1109/tie.2010.2051932,132
2013,Automatica,Robustness of nonlinear predictor feedback laws to time- and state-dependent delay perturbations,Nikolaos Bekiaris‐Liberis; Miroslav Krstić,https://doi.org/10.1016/j.automatica.2013.02.050,130
2016,T-IE,Predictor-Based Control of a Class of Time-Delay Systems and Its Application to Quadrotors,Ricardo Sanz; Pedro García; Qing‐Chang Zhong; Pedro Albertos,https://doi.org/10.1109/tie.2016.2609378,129
2011,T-AC,Cascade High Gain Predictors for a Class of Nonlinear Systems,Tarek Ahmed‐Ali; Estelle Cherrier; F Lamnabhi-Lagarrigue,https://doi.org/10.1109/tac.2011.2161795,128
2013,T-IE,Output Tracking Control for Networked Systems: A Model-Based Prediction Approach,Zhong‐Hua Pang; Shuai Liu; Donghua Zhou; Maoyin Chen,https://doi.org/10.1109/tie.2013.2289890,128
2005,T-AC,Constrained MPC algorithm for uncertain time-varying systems with state-delay,Seung Cheol Jeong; PooGyeon Park,https://doi.org/10.1109/tac.2004.841920,125
2016,T-CST,Data-Driven Nonlinear Subspace Modeling for Prediction and Control of Molten Iron Quality Indices in Blast Furnace Ironmaking,Ping Zhou; Heda Song; Hong Wang; Tianyou Chai,https://doi.org/10.1109/tcst.2016.2631124,125
2013,T-IE,Input-to-State Stability for Networked Predictive Control With Random Delays in Both Feedback and Forward Channels,Xi‐Ming Sun; Di Wu; Shuai Liu; Wei Wang,https://doi.org/10.1109/tie.2013.2278953,114
2022,T-ITS,A Novel Spatial-Temporal Multi-Scale Alignment Graph Neural Network Security Model for Vehicles Prediction,Chunyan Diao; Dafang Zhang; Wei Liang; Kuan‐Ching Li; Yujie Hong,https://doi.org/10.1109/tits.2022.3140229,112
2012,T-CST,Design and Stability Analysis of Networked Predictive Control Systems,Jinhui Zhang; Yuanqing Xia; Peng Shi,https://doi.org/10.1109/tcst.2012.2208967,107
2014,Automatica,Input delay compensation of linear systems with both state and input delays by nested prediction,Bin Zhou,https://doi.org/10.1016/j.automatica.2014.03.010,102
2019,T-IE,Output-Based Event-Triggered Predictive Control for Networked Control Systems,Rongni Yang; Wei Xing Zheng,https://doi.org/10.1109/tie.2019.2958303,101
2021,AST,A novel hybrid method for flight departure delay prediction using Random Forest Regression and Maximal Information Coefficient,Zhen Guo; Bin Yu; Mengyan Hao; Wensi Wang; Yu Jiang,https://doi.org/10.1016/j.ast.2021.106822,99
2010,Automatica,Recursive predictor design for state and output feedback controllers for linear time delay systems,Mrdjan Janković,https://doi.org/10.1016/j.automatica.2010.01.021,96
2008,T-IE,Experimental Analysis of an Internet-Based Bilateral Teleoperation System With Motion and Force Scaling Using a Model Predictive Controller,T. Slama; Alberto Trevisani; Didier Aubry; Roberto Oboe; Frédéric Kratz,https://doi.org/10.1109/tie.2008.928120,96
2006,T-RO,Model Predictive Control for Transparent Teleoperation Under Communication Time Delay,Shahin Sirouspour; Ali Shahdi,https://doi.org/10.1109/tro.2006.882939,95
2017,T-AC,"Consensus of Discrete-Time Linear Multiagent Systems With Communication, Input and Output Delays",Xiang Xu; Lu Liu; Gang Feng,https://doi.org/10.1109/tac.2017.2720703,95
2012,T-ITS,A Methodological Approach for Estimating Temporal and Spatial Extent of Delays Caused by Freeway Accidents,Younshik Chung; Wilfred W. Recker,https://doi.org/10.1109/tits.2012.2190282,95
1996,T-CST,Adaptive control of full penetration gas tungsten arc welding,Yu.M. Zhang; Radovan Kovacevic; Li Li,https://doi.org/10.1109/87.508887,95
2017,T-IE,Predictive Approach for Sensorless Bimanual Teleoperation Under Random Time Delays With Adaptive Fuzzy Control,Zhenyu Lu; Panfeng Huang; Zhengxiong Liu,https://doi.org/10.1109/tie.2017.2745445,94
2021,T-IE,A Generalized Observer-Based Robust Predictive Current Control Strategy for PMSM Drive System,Xinyue Li; Wei Tian; Xiaonan Gao; Qifan Yang; Ralph Kennel,https://doi.org/10.1109/tie.2021.3062271,94
2022,JAS,Coordination of Networked Nonlinear Multi-Agents Using a High-Order Fully Actuated Predictive Control Strategy,Shuai Liu,https://doi.org/10.1109/jas.2022.105449,92
2016,Automatica,Enhanced disturbance rejection for a predictor-based control of LTI systems with input delay,Ricardo Sanz; Pedro García; Pedro Albertos,https://doi.org/10.1016/j.automatica.2016.05.019,90
2013,T-AC,Consensus of Discrete-Time Linear Networked Multi-Agent Systems With Communication Delays,Chong Tan; Shuai Liu,https://doi.org/10.1109/tac.2013.2261177,89
2016,T-ITS,Increased Traffic Flow Through Node-Based Bottleneck Prediction and V2X Communication,Christian Backfrieder; Gerald Ostermayer; Christoph F. Mecklenbräuker,https://doi.org/10.1109/tits.2016.2573292,88
2016,T-AC,Predictor-Feedback Stabilization of Multi-Input Nonlinear Systems,Nikolaos Bekiaris‐Liberis; Miroslav Krstić,https://doi.org/10.1109/tac.2016.2558293,87
2013,Automatica,Delay-robustness of linear predictor feedback without restriction on delay rate,Iasson Karafyllis; Miroslav Krstić,https://doi.org/10.1016/j.automatica.2013.02.019,87
2018,T-VT,Smith Predictor Compensating for Vehicle Actuator Delays in Cooperative ACC Systems,Haitao Xing; Jeroen Ploeg; Henk Nijmeijer,https://doi.org/10.1109/tvt.2018.2886467,87
2011,T-AC,"Iterative Distributed Model Predictive Control of Nonlinear Systems: Handling Asynchronous, Delayed Measurements",Jinfeng Liu; Xianzhong Chen; David Muñoz de la Peña; P.D. Christofides,https://doi.org/10.1109/tac.2011.2164729,86
2021,T-ITS,A Deep Learning Approach for Flight Delay Prediction Through Time-Evolving Graphs,Kaiquan Cai; Yue Li; Yi‐Ping Fang; Yanbo Zhu,https://doi.org/10.1109/tits.2021.3103502,86
2006,IJRR,Smith Predictor Type Control Architectures for Time Delayed Teleoperation,Andrew Smith; Keyvan Hashtrudi-Zaad,https://doi.org/10.1177/0278364906068393,85
2017,T-IE,Robust Tracking Control of Networked Control Systems With Communication Constraints and External Disturbance,Meng Li; Yong Chen,https://doi.org/10.1109/tie.2017.2652398,85
2018,T-II,Data Center Control Strategy for Participation in Demand Response Programs,Lisette Cupelli; Thomas Schütz; Pooyan Jahangiri; Marcus Fuchs; Antonello Monti,https://doi.org/10.1109/tii.2018.2806889,84
2022,T-II,Distributed 3-D Time-Varying Formation Control of Underactuated AUVs With Communication Delays Based on Data-Driven State Predictor,Jialu Du; Jian Li; Frank L. Lewis,https://doi.org/10.1109/tii.2022.3194632,84
2018,T-II,From Best Effort to Deterministic Packet Delivery for Wireless Industrial IoT Networks,Remous-Aris Koutsiamanis; Georgios Z. Papadopoulos; Xenofon Fafoutis; Julián M. Del Fiore; Pascal Thubert,https://doi.org/10.1109/tii.2018.2856884,83
2017,T-ITS,Application of Predictor Feedback to Compensate Time Delays in Connected Cruise Control,Tamás G. Molnár; Wubing B. Qin; Tamás Insperger; Gábor Orosz,https://doi.org/10.1109/tits.2017.2754240,83
2023,ESWA,A CNN-LSTM framework for flight delay prediction,Qiang Li; Xinjia Guan; Jinpeng Liu,https://doi.org/10.1016/j.eswa.2023.120287,83
2016,T-IE,Delay Estimation and Predictive Control of Uncertain Systems With Input Delay: Application to a DC Motor,Vincent Léchappé; Sébastien Rouquet; Mario Alberto González Vázquez; Franck Plestan; J. De León-Morales,https://doi.org/10.1109/tie.2016.2527692,82
2013,Automatica,An extension of the prediction scheme to the case of systems with both input and state delay,Vladimir L. Kharitonov,https://doi.org/10.1016/j.automatica.2013.09.042,81
2020,T-VT,Min-Max Model Predictive Vehicle Platooning With Communication Delay,Jianglin Lan; Dezong Zhao,https://doi.org/10.1109/tvt.2020.3025729,81
2016,T-II,Prediction of Failure in Lubricated Surfaces Using Acoustic Time–Frequency Features and Random Forest Algorithm,Sergey Shevchik; Fatemeh Saeidi; Bastian Meylan; Kilian Wasmer,https://doi.org/10.1109/tii.2016.2635082,80
2022,T-ITS,Robust Min-Max Model Predictive Vehicle Platooning With Causal Disturbance Feedback,Jianshan Zhou; Daxin Tian; Zhengguo Sheng; Xuting Duan; Guixian Qu,https://doi.org/10.1109/tits.2022.3146149,80
2013,Automatica,Stabilization of nonlinear delay systems using approximate predictors and high-gain observers,Iasson Karafyllis; Miroslav Krstić,https://doi.org/10.1016/j.automatica.2013.09.006,78
2012,T-II,Improved Dead-Beat Predictive DPC Strategy of Grid-Connected DC–AC Converters With Switching Loss Minimization and Delay Compensations,Jiabing Hu,https://doi.org/10.1109/tii.2012.2223705,78
2005,T-CST,A unified Smith predictor approach for power system damping control design using remote signals,R. Majumder; Balarko Chaudhuri; Bikash C. Pal; Qing‐Chang Zhong,https://doi.org/10.1109/tcst.2005.854340,78
2011,T-IE,Current-Sensing Resistor Design to Include Current Derivative in PWM H-Bridge Unipolar Switching Power Amplifiers for Magnetic Bearings,Yuan Ren; Jiancheng Fang,https://doi.org/10.1109/tie.2011.2179277,77
2016,Automatica,Exact predictor feedbacks for multi-input LTI systems with distinct input delays,Daisuke Tsubakino; Miroslav Krstić; Tiago Roux Oliveira,https://doi.org/10.1016/j.automatica.2016.04.047,76
2020,T-AC,Tube-Based Model Predictive Control Using Multidimensional Taylor Network for Nonlinear Time-Delay Systems,Hong‐Sen Yan; Zheng‐Yi Duan,https://doi.org/10.1109/tac.2020.3005674,75
2017,Automatica,Stabilization of linear systems with both input and state delays by observer–predictors,Bin Zhou; Qingsong Liu; Frédéric Mazenc,https://doi.org/10.1016/j.automatica.2017.06.027,75
2019,T-VT,Prediction-Based Delay Optimization Data Collection Algorithm for Underwater Acoustic Sensor Networks,Guangjie Han; Songjie Shen; Hao Wang; Jinfang Jiang; Mohsen Guizani,https://doi.org/10.1109/tvt.2019.2914586,74
2006,ESWA,Software maintenance project delays prediction using Bayesian Networks,A DEMELO; A SANCHEZ,https://doi.org/10.1016/j.eswa.2006.10.040,74
2022,T-IE,Performance Analysis of Improved ADRCs for a Class of High-Order Processes With Verification on Main Steam Pressure Control,Zhenlong Wu; Donghai Li; Yanhong Liu; YangQuan Chen,https://doi.org/10.1109/tie.2022.3192687,73
2020,T-II,Cooperative Deep Dynamic Feature Extraction and Variable Time-Delay Estimation for Industrial Quality Prediction,Le Yao; Zhiqiang Ge,https://doi.org/10.1109/tii.2020.3021047,70
2020,T-II,Delay-Tolerant Predictive Power Compensation Control for Photovoltaic Voltage Regulation,Zhanqiang Zhang; Yateendra Mishra; Dong Yue; Chunxia Dou; Bo Zhang,https://doi.org/10.1109/tii.2020.3024069,70
2016,T-AC,Stabilization of Nonlinear Time-Varying Systems Through a New Prediction Based Approach,Frédéric Mazenc; Michael Malisoff,https://doi.org/10.1109/tac.2016.2600500,69
2014,Automatica,Pseudo-predictor feedback stabilization of linear systems with time-varying input delays,Bin Zhou,https://doi.org/10.1016/j.automatica.2014.08.036,69
2022,T-ITS,Distributed Model Predictive Control for Vehicle Platoon With Mixed Disturbances and Model Uncertainties,Xiaorong Hu; Lantao Xie; Lei Xie; Shan Lu; Weihua Xu,https://doi.org/10.1109/tits.2022.3153307,69
2009,T-CST,Guaranteed Cost Control for Networked Control Systems Based on an Improved Predictive Control Method,Rui Wang; Shuai Liu; Wei Wang; D. Rees; Yun‐Bo Zhao,https://doi.org/10.1109/tcst.2009.2035611,69
2016,Automatica,Predictor-based networked control under uncertain transmission delays,Anton Selivanov; Emilia Fridman,https://doi.org/10.1016/j.automatica.2016.03.032,68
2022,Automatica,Event-triggered predictive control of nonlinear stochastic systems with output delay,Xuetao Yang; Hua Wang; Quanxin Zhu,https://doi.org/10.1016/j.automatica.2022.110230,68
2022,ESWA,Fractional order time-delay multivariable discrete grey model for short-term online public opinion prediction,Shuli Yan; Qi Su; Zaiwu Gong; Xiangyan Zeng,https://doi.org/10.1016/j.eswa.2022.116691,68
2004,Automatica,An innovation approach to H∞ prediction for continuous-time systems with application to systems with delayed measurements,Huanshui Zhang; David Zhang; Lihua Xie,https://doi.org/10.1016/j.automatica.2004.02.016,67
2005,JGCD,Langrangian Delay Predictive Model for Sector-Based Air Traffic Flow,Alexandre M. Bayen; P. Grieder; George E. Meyer; Claire J. Tomlin,https://doi.org/10.2514/1.15242,67
2008,T-CST,Design and Practical Implementation of Internet-Based Predictive Control of a Servo System,Senchun Chai; Shuai Liu; D. Rees; Yuanqing Xia,https://doi.org/10.1109/tcst.2007.903095,67
2014,T-AC,Prediction-Based Stabilization of Linear Systems Subject to Input-Dependent Input Delay of Integral-Type,Delphine Bresch‐Pietri; Jonathan Chauvin; Nicolas Petit,https://doi.org/10.1109/tac.2014.2322238,66
2015,T-AC,Feedback Linearization for Nonlinear Systems With Time-Varying Input and Output Delays by Using High-Gain Predictors,Jing Lei; Hassan K. Khalil,https://doi.org/10.1109/tac.2015.2491719,66
2013,T-II,Calculation-Delay Tolerant Predictive Current Controller for Three-Phase Inverters,Jontan Roberto Fischer; Sergio A. González; Mario A. Herran; Marcos G. Judewicz; Daniel Carrica,https://doi.org/10.1109/tii.2013.2276104,66
2021,T-ITS,Train Time Delay Prediction for High-Speed Train Dispatching Based on Spatio-Temporal Graph Convolutional Network,Dalin Zhang; Yunjuan Peng; Yumei Zhang; Daohua Wu; Hongwei Wang,https://doi.org/10.1109/tits.2021.3097064,66
2006,T-CST,Predictive teleoperation of constrained dynamic systems via Internet-like channels,A. Casavola; E. Mosca; Mauro Papini,https://doi.org/10.1109/tcst.2006.876637,66
2016,Automatica,Stability of predictor-based feedback for nonlinear systems with distributed input delay,Nikolaos Bekiaris‐Liberis; Miroslav Krstić,https://doi.org/10.1016/j.automatica.2016.04.011,65
2014,IJRNC,Model‐based event‐triggered predictive control for networked systems with communication delays compensation,Xiuxia Yin; Dong Yue; Songlin Hu,https://doi.org/10.1002/rnc.3281,65
2015,T-AC,Adaptive Controller for Linear System With Input Delay and Output Disturbance,Anton A. Pyrkin; Alexey Bobtsov,https://doi.org/10.1109/tac.2015.2509428,64
2017,T-AC,Disturbance Compensation With Finite Spectrum Assignment for Plants With Input Delay,Igor B. Furtat; Emilia Fridman; Аlexander L. Fradkov,https://doi.org/10.1109/tac.2017.2732279,63
2017,Automatica,"Output feedback control of linear systems with input, state and output delays by chains of predictors",Filippo Cacace; Alfredo Germani,https://doi.org/10.1016/j.automatica.2017.08.013,63
2021,T-II,A Resource Allocation Scheme for Joint Optimizing Energy Consumption and Delay in Collaborative Edge Computing-Based Industrial IoT,Zilong Jin; Chengbo Zhang; Yuanfeng Jin; Lejun Zhang; Jian Su,https://doi.org/10.1109/tii.2021.3125376,62
2017,T-CST,Predictor-Based Disturbance Rejection Control for Sampled Systems With Input Delay,Tao Liu; Shoulin Hao; Dewei Li; Wen‐Hua Chen; Qing‐Guo Wang,https://doi.org/10.1109/tcst.2017.2781651,60
2019,Automatica,Feedback linearization based predictor for time delay control of a high-DOF robot manipulator,Mostafa Bagheri; Peiman Naseradinmousavi; Miroslav Krstić,https://doi.org/10.1016/j.automatica.2019.06.037,59
2021,Automatica,Predictor-based periodic event-triggered control for nonlinear uncertain systems with input delay,Jiankun Sun; Jun Yang; Zhigang Zeng,https://doi.org/10.1016/j.automatica.2021.110055,59
2008,IJRNC,Model predictive control for networked control systems,Jing Wu; Liqian Zhang; Tongwen Chen,https://doi.org/10.1002/rnc.1361,59
2017,IJRNC,Event‐triggered predictive control for networked control systems with network‐induced delays and packet dropouts,Hongjiu Yang; Xiaodong Guo; Li Dai; Yuanqing Xia,https://doi.org/10.1002/rnc.3958,59
2014,T-IE,Sliding-Mode Predictive Control of Networked Control Systems Under a Multiple-Packet Transmission Policy,Hongbo Li; Hongjiu Yang; Fuchun Sun; Yuanqing Xia,https://doi.org/10.1109/tie.2014.2311411,59
2022,ESWA,Flight delay prediction from spatial and temporal perspective,Qiang Li; Ranzhe Jing,https://doi.org/10.1016/j.eswa.2022.117662,58
2020,Automatica,Distributed economic dispatch via a predictive scheme: Heterogeneous delays and privacy preservation,Fei Chen; Xiaozheng Chen; Linying Xiang; Wei Ren,https://doi.org/10.1016/j.automatica.2020.109356,57
2005,CEP,Proportional navigation guidance using predictive and time delay control,S. E. Talole; Arijit Ghosh; S. B. Phadke,https://doi.org/10.1016/j.conengprac.2005.11.003,57
2020,Automatica,Predictor methods for decentralized control of large-scale systems with input delays,Yang Zhu; Emilia Fridman,https://doi.org/10.1016/j.automatica.2020.108903,56
2011,T-AC,Distributed Failure Prognosis of Discrete Event Systems With Bounded-Delay Communications,Shigemasa Takai; Ratnesh Kumar,https://doi.org/10.1109/tac.2011.2173419,55
2018,T-AC,Consensusability of Multiagent Systems With Delay and Packet Dropout Under Predictor-Like Protocols,Juanjuan Xu; Huanshui Zhang; Lihua Xie,https://doi.org/10.1109/tac.2018.2882157,55
2021,T-AC,Predictor-Feedback Prescribed-Time Stabilization of LTI Systems With Input Delay,Nicolás Espitia; Wilfrid Perruquetti,https://doi.org/10.1109/tac.2021.3093527,55
2017,T-IE,New Predictor and 2DOF Control Scheme for Industrial Processes With Long Time Delay,Tao Liu; Pedro García; Yueling Chen; Xuhui Ren; Pedro Albertos,https://doi.org/10.1109/tie.2017.2760839,54
2021,T-II,Model Predictive Control for Networked Multiple Linear Motors System Under DoS Attack and Time Delay,Li Qiu; Longcheng Dai; Usama Ahsan; Fang Chen; Marzieh Najariyan,https://doi.org/10.1109/tii.2021.3139127,54
2011,T-AC,Improvement for Consensus Performance of Multi-Agent Systems Based on Weighted Average Prediction,Huajing Fang; Zhihai Wu; Jia Wei,https://doi.org/10.1109/tac.2011.2162892,53
2014,T-IE,A Stable Mode-Transition Technique for a Digitally Controlled Non-Inverting Buck–Boost DC–DC Converter,Chien-Hung Tsai; Yu-Shin Tsai; Han-Chien Liu,https://doi.org/10.1109/tie.2014.2327565,53
2022,T-CST,Distributed Nonlinear Trajectory Optimization for Multi-Robot Motion Planning,Laura Ferranti; Lorenzo Lyons; Rudy R. Negenborn; Tamás Keviczky; Javier Alonso–Mora,https://doi.org/10.1109/tcst.2022.3211130,53
2023,ESWA,Improving flight delays prediction by developing attention-based bidirectional LSTM network,Maged Mamdouh; Mostafa Ezzat; Hesham A. Hefny,https://doi.org/10.1016/j.eswa.2023.121747,53
2019,Automatica,An LMI condition for the robustness of constant-delay linear predictor feedback with respect to uncertain time-varying input delays,Hugo Lhachemi; Christophe Prieur; Robert Shorten,https://doi.org/10.1016/j.automatica.2019.108551,52
2016,IJRNC,Stabilization of strict-feedback nonlinear systems with input delay using closed-loop predictors,Filippo Cacace; Francesco Conte; Alfredo Germani; Pierdomenico Pepe,https://doi.org/10.1002/rnc.3517,52
2016,JFI,Robust model predictive tracking control of hypersonic vehicles in the presence of actuator constraints and input delays,Qin Weiwei; Bing He; Gang Liu; Zhao Pengtao,https://doi.org/10.1016/j.jfranklin.2016.08.007,52
2013,T-AES,Hierarchical Decentralized Receding Horizon Control of Multiple Vehicles with Communication Failures,Hojjat A. Izadi; Brandon W. Gordon; Youmin Zhang,https://doi.org/10.1109/taes.2013.6494378,52
2016,T-AC,Truncated Predictor Control of Lipschitz Nonlinear Systems With Time-Varying Input Delay,Zongyu Zuo; Zongli Lin; Zhengtao Ding,https://doi.org/10.1109/tac.2016.2635021,51
2018,T-AC,PDE Boundary Control of Multi-Input LTI Systems With Distinct and Uncertain Input Delays,Yang Zhu; Miroslav Krstić; Hongye Su,https://doi.org/10.1109/tac.2018.2810038,51
2024,Automatica,PDE-based observation and predictor-based control for linear systems with distributed infinite input and output delays,Xiang Xu; Bin Li,https://doi.org/10.1016/j.automatica.2024.111845,51
2011,T-VT,Experimental Validation of Channel State Prediction Considering Delays in Practical Cognitive Radio,Zhe Chen; Nan Guo; Zhen Hu; Robert C. Qiu,https://doi.org/10.1109/tvt.2011.2116051,51
2022,ESWA,An improved grey multivariable time-delay prediction model with application to the value of high-tech industry,Huimin Zhou; Yaoguo Dang; Deling Yang; Junjie Wang; Yingjie Yang,https://doi.org/10.1016/j.eswa.2022.119061,51
2014,Automatica,On robustness of predictor feedback control of linear systems with input delays,Zhao‐Yan Li; Bin Zhou; Zongli Lin,https://doi.org/10.1016/j.automatica.2014.03.018,50
2017,Automatica,Stabilization and robustness analysis for time-varying systems with time-varying delays using a sequential subpredictors approach,Frédéric Mazenc; Michael Malisoff,https://doi.org/10.1016/j.automatica.2017.04.020,50
2019,T-Mech,Mode Switching-Based Symmetric Predictive Control Mechanism for Networked Teleoperation Space Robot System,Haifei Chen; Panfeng Huang; Zhengxiong Liu,https://doi.org/10.1109/tmech.2019.2946197,50
2015,T-IE,A New Generalized Robust Predictive Current Control for Grid-Connected Inverters Compensates Anti-Aliasing Filters Delay,Jaime Castelló; J.M. Espı́; Rafael García-Gil,https://doi.org/10.1109/tie.2015.2497303,50
2021,Sci-Rob,Mutual gaze with a robot affects human neural activity and delays decision-making processes,Marwen Belkaid; Kyveli Kompatsiari; Davide De Tommaso; Ingrid Zablith; Agnieszka Wykowska,https://doi.org/10.1126/scirobotics.abc5044,49
2024,ESWA,"Predicting construction delay risks in Saudi Arabian projects: A comparative analysis of CatBoost, XGBoost, and LGBM",Saleh Alsulamy,https://doi.org/10.1016/j.eswa.2024.126268,49
2013,T-AC,Stability of Sequence-Based Control With Random Delays and Dropouts,Daniel E. Quevedo; Isabel Jurado,https://doi.org/10.1109/tac.2013.2286911,48
2022,Automatica,Predictor-based output feedback stabilization of an input delayed parabolic PDE with boundary measurement,Hugo Lhachemi; Christophe Prieur,https://doi.org/10.1016/j.automatica.2021.110115,48
2020,IJRNC,Cooperative path following of constrained autonomous vehicles with model predictive control and event‐triggered communications,Nguyen T. Hung; A. Pascoal; Tor Arne Johansen,https://doi.org/10.1002/rnc.4896,48
2022,T-ITS,Enhancing the Understanding of Train Delays With Delay Evolution Pattern Discovery: A Clustering and Bayesian Network Approach,Ping Huang; Thomas Spanninger; Francesco Corman,https://doi.org/10.1109/tits.2022.3140386,48
2024,T-ITS,A Multi-Source Dynamic Temporal Point Process Model for Train Delay Prediction,Dalin Zhang; Chenyue Du; Yunjuan Peng; Jiqiang Liu; Sabah Mohammed,https://doi.org/10.1109/tits.2024.3430031,48
2011,T-IE,Fault Detection and Compensation for Linear Systems Over Networks With Random Delays and Clock Asynchronism,Bo Liu; Yuanqing Xia,https://doi.org/10.1109/tie.2010.2103533,47
2022,T-CST,Hierarchical Model Predictive Control for On-Line High-Speed Railway Delay Management and Train Control in a Dynamic Operations Environment,Yihui Wang; Songwei Zhu; Shukai Li; Lixing Yang; Bart De Schutter,https://doi.org/10.1109/tcst.2022.3140805,47
2017,T-AC,Input-to-State Stability and Inverse Optimality of Linear Time-Varying-Delay Predictor Feedbacks,Xiushan Cai; Nikolaos Bekiaris‐Liberis; Miroslav Krstić,https://doi.org/10.1109/tac.2017.2722104,46
2011,Automatica,Predictor-based stabilization of discrete time-varying input-delay systems,Antonio González; Antonio Sala; Pedro Albertos,https://doi.org/10.1016/j.automatica.2011.10.005,46
2015,Automatica,Predictive control of nonlinear continuous networked control systems with large time-varying transmission delays and transmission protocols,Xi‐Ming Sun; Kun‐Zhi Liu; Changyun Wen; Wei Wang,https://doi.org/10.1016/j.automatica.2015.11.001,46
2012,T-RO,Coherent Pattern Prediction in Swarms of Delay-Coupled Agents,Luis Mier-y-Terán-Romero; Eric Forgoston; Ira B. Schwartz,https://doi.org/10.1109/tro.2012.2198511,45
2018,Automatica,Sliding mode predictive control of linear uncertain systems with delays,H. Caballero‐Barragán; Linda Patricia Osuna-Ibarra; Alexander G. Loukianov; Franck Plestan,https://doi.org/10.1016/j.automatica.2018.04.040,44
2021,T-II,Self-Triggered Min–Max DMPC for Asynchronous Multiagent Systems With Communication Delays,Henglai Wei; Kunwu Zhang; Yang Shi,https://doi.org/10.1109/tii.2021.3127197,44
2017,T-ITS,Predictor-Based Adaptive Cruise Control Design,Nikolaos Bekiaris‐Liberis; Claudio Roncoli; Markos Papageorgiou,https://doi.org/10.1109/tits.2017.2771501,44
2023,CEP,Model predictive control of a semi-active suspension with a shift delay compensation using preview road information,Jayu Kim; Taehoon Lee; Cheol-Joong Kim; Kyongsu Yi,https://doi.org/10.1016/j.conengprac.2023.105584,44
2017,T-AC,Discrete-Time Predictor Feedback for Consensus of Multiagent Systems With Delays,Anton Ponomarev; Zhiyong Chen; Hai-Tao Zhang,https://doi.org/10.1109/tac.2017.2722860,43
2018,T-Mech,A Predictor-Based Framework for Delay Compensation in Networked Closed-Loop Systems,Yingshi Zheng; Mark Brudnak; Paramsothy Jayakumar; Jeffrey L. Stein; Tulga Ersal,https://doi.org/10.1109/tmech.2018.2864722,43
2012,T-IE,Networked Predictive Control of Uncertain Systems With Multiple Feedback Channels,Hongbo Song; Shuai Liu; Li Yu,https://doi.org/10.1109/tie.2012.2225398,43
2009,JGCD,Libration Control of Electrodynamic Tethers Using Predictive Control with Time-Delayed Feedback,Paul Williams,https://doi.org/10.2514/1.41039,43
2011,T-VT,Timely Data Delivery in a Realistic Bus Network,Utku Günay Acer; Paolo Giaccone; David Hay; Giovanni Neglia; Saed Tarapiah,https://doi.org/10.1109/tvt.2011.2179072,43
2015,Automatica,"Predictor based control of linear systems with state, input and output delays",Se Young Yoon; Zongli Lin,https://doi.org/10.1016/j.automatica.2015.01.026,42
2022,T-IE,Robot-Assisted Teleoperation Ultrasound System Based on Fusion of Augmented Reality and Predictive Force,Yongqing Fu; Weiyang Lin; Xinghu Yu; Juan J. Rodríguez-Andina; Huijun Gao,https://doi.org/10.1109/tie.2022.3201322,42
2020,T-ITS,Intelligent Prediction of Train Delay Changes and Propagation Using RVFLNs With Improved Transfer Learning and Ensemble Learning,Ping Zhou; Lefang Chen; Xuewu Dai; Baoxu Li; Tianyou Chai,https://doi.org/10.1109/tits.2020.3002785,42
2015,T-AC,Simple Cascade Observer for a Class of Nonlinear Systems With Long Output Delays,M. Farza; M. M’Saad; Tomas Ménard; Malick Fall; O. Gehan,https://doi.org/10.1109/tac.2015.2427661,41
2009,JGCD,Short-Term National Airspace System Delay Prediction Using Weather Impacted Traffic Index,Banavar Sridhar; Neil Y. Chen,https://doi.org/10.2514/1.38798,41
2022,T-ITS,Computation Offloading for Energy and Delay Trade-Offs With Traffic Flow Prediction in Edge Computing-Enabled IoV,Xiaolong Xu; Chenyi Yang; Muhammad Bilal; Weimin Li; Huihui Wang,https://doi.org/10.1109/tits.2022.3221975,41
2022,T-IE,Modified Deadbeat Predictive Current Control Method for Single-Phase AC–DC PFC Converter in EV Charging System,Yuxuan Bi; Chao Wu; Tong Zhao; Houji Li; Junzhong Xu,https://doi.org/10.1109/tie.2022.3156151,40
2022,T-CST,Incremental Model Predictive Control Exploiting Time-Delay Estimation for a Robot Manipulator,Yongchao Wang; Marion Leibold; Jinoh Lee; Wenyan Ye; Jing Xie,https://doi.org/10.1109/tcst.2022.3142629,40
2024,T-AC,Data-Driven Distributed Predictive Tracking Control for Heterogeneous Nonlinear Multiagent Systems With Communication Delays,Yi Huang; Shuai Liu; Yi Yu; Wenshan Hu,https://doi.org/10.1109/tac.2024.3357529,39
2012,T-IE,Design of An Advanced Time Delay Measurement and A Smart Adaptive Unequal Interval Grey Predictor for Real-Time Nonlinear Control Systems,Dinh Quang Truong; Kyoung Kwan Ahn; Nguyen Thanh Trung,https://doi.org/10.1109/tie.2012.2213552,39
2019,T-II,Disturbance Rejection for Input-Delay System Using Observer-Predictor-Based Output Feedback Control,Youwu Du; Weihua Cao; Jinhua She; Min Wu; Mingxing Fang,https://doi.org/10.1109/tii.2019.2947431,39
2014,T-VT,Energy-Efficient Power Allocation for Delay-Sensitive Multimedia Traffic Over Wireless Systems,Lingjia Liu; Yang Yi; Jean‐François Chamberland; Jianzhong Zhang,https://doi.org/10.1109/tvt.2014.2313864,39
2011,CEP,Robustness of a discrete-time predictor-based controller for time-varying measurement delay,A. Gonzalez; Pedro García; Pedro Albertos; Pedro Á. Castillo; Rogelio Lozano,https://doi.org/10.1016/j.conengprac.2011.09.001,39
2023,T-II,Robust Learning and Control of Time-Delay Nonlinear Systems With Deep Recurrent Koopman Operators,Minghao Han; Zhaojian Li; Xiang Yin; Xunyuan Yin,https://doi.org/10.1109/tii.2023.3328432,38
2024,T-AES,Integrated Predictor–Observer Feedback Control for Vibration Mitigation of Large-Scale Spacecraft With Unbounded Input Time Delay,Bailiang Lyu; Chuang Liu; Xiaokui Yue,https://doi.org/10.1109/taes.2024.3505851,38
2020,T-AC,Compensation of Spatially Varying Input Delay in Distributed Control of Reaction-Diffusion PDEs,Jie Qi; Miroslav Krstić,https://doi.org/10.1109/tac.2020.3027662,37
2018,IJRNC,Rejection of mismatched disturbances for systems with input delay via a predictive extended state observer,Ricardo Sanz; Pedro García; Emilia Fridman; Pedro Albertos,https://doi.org/10.1002/rnc.4027,37
2017,T-IE,Minimization of Torque Ripple in the DFIG-DC System Via Predictive Delay Compensation,G.D. Marques; Matteo F. Iacchetti,https://doi.org/10.1109/tie.2017.2716860,37
2020,T-AC,Global Stabilization of Discrete-Time Linear Systems Subject to Input Saturation and Time Delay,Xuefei Yang; Bin Zhou; Frédéric Mazenc; James Lam,https://doi.org/10.1109/tac.2020.2989791,36
2021,Automatica,Distributed stochastic model predictive control for cyber–physical systems with multiple state delays and probabilistic saturation constraints,Langwen Zhang; Bohui Wang; Yuanlong Li; Yang Tang,https://doi.org/10.1016/j.automatica.2021.109574,36
2020,T-IE,Fault-Tolerant Robust Model-Predictive Control of Uncertain Time-Delay Systems Subject to Disturbances,Owais Khan; Ghulam Mustafa; Abdul Qayyum Khan; Muhammad Abid; Muhammad Zulqarnain Haider Ali,https://doi.org/10.1109/tie.2020.3029469,36
2017,T-CST,Metro Traffic Modeling and Regulation in Loop Lines Using a Robust Model Predictive Controller to Improve Passenger Satisfaction,Bijan Moaveni; Sima Najafi,https://doi.org/10.1109/tcst.2017.2735945,36
2011,T-IE,A New Variable-Frequency Optimal Direct Power Control Algorithm,Jaime Alonso-Martínez; Joaquin Eloy‐García; David Santos-Martín; Santiago Arnaltes,https://doi.org/10.1109/tie.2011.2167732,35
2022,T-IE,Robust Cascaded Deadbeat Predictive Control for Dual Three-Phase Variable-Flux PMSM Considering Intrinsic Delay in Speed Loop,Kailiang Yu; Zheng Wang; Wei Hua; Ming Cheng,https://doi.org/10.1109/tie.2022.3142400,35
2023,T-ITS,Robust String Stability and Safety of CTH Predictor-Feedback CACC,Nikolaos Bekiaris‐Liberis,https://doi.org/10.1109/tits.2023.3265209,35
2015,T-CST,Truncated Predictor Feedback for Periodic Linear Systems With Input Delays With Applications to the Elliptical Spacecraft Rendezvous,Bin Zhou; Zhao‐Yan Li,https://doi.org/10.1109/tcst.2015.2411228,35
2017,Automatica,Prediction-based control for systems with state and several input delays,Vladimir L. Kharitonov,https://doi.org/10.1016/j.automatica.2017.01.028,34
2017,Automatica,Maximum delay bounds of linear systems under delay independent truncated predictor feedback,Yusheng Wei; Zongli Lin,https://doi.org/10.1016/j.automatica.2017.05.003,34
2022,JFI,Echo state network with multiple delayed outputs for multiple delayed time series prediction,Xianshuang Yao; Yanning Shao; Siyuan Fan; Shengxian Cao,https://doi.org/10.1016/j.jfranklin.2022.09.059,34
2016,Automatica,High-gain-predictor-based output feedback control for time-delay nonlinear systems,Jing Lei; Hassan K. Khalil,https://doi.org/10.1016/j.automatica.2016.05.026,33
2023,T-ITS,Flight Delay Prediction With Priority Information of Weather and Non-Weather Features,Qiang Li; Ranzhe Jing; Zhijie Dong,https://doi.org/10.1109/tits.2023.3270743,33
2018,T-VT,Prediction of Time-Varying Multi-User MIMO Channels Based on DOA Estimation Using Compressed Sensing,Shunsuke Uehashi; Yasutaka Ogawa; Toshihiko Nishimura; Takeo Ohgane,https://doi.org/10.1109/tvt.2018.2882214,33
2019,CEP,Multi-time-scale TFe prediction for iron ore sintering process with complex time delay,Xiaoxia Chen; Xuhua Shi; Chudong Tong,https://doi.org/10.1016/j.conengprac.2019.05.012,33
2019,T-AC,Continuous-Time and Sampled-Data Stabilizers for Nonlinear Systems With Input and Measurement Delays,Stefano Battilotti,https://doi.org/10.1109/tac.2019.2919127,32
2021,Automatica,Stability analysis and predictor feedback control for systems with unbounded delays,Xiang Xu; Lu Liu; Miroslav Krstić; Gang Feng,https://doi.org/10.1016/j.automatica.2021.109958,32
2016,RAL,Generalized Predictive Control of a Surgical Robot for Beating-Heart Surgery Under Delayed and Slowly-Sampled Ultrasound Image Data,Meaghan Bowthorpe; Mahdi Tavakoli,https://doi.org/10.1109/lra.2016.2530859,32
2005,T-CST,Network-based control with real-time prediction of delayed/lost sensor data,Won-jong Kim; Kun Ji; Abhinav Srivastava,https://doi.org/10.1109/tcst.2005.859630,32
2020,T-AC,Observer-Based Decentralized Predictor Control for Large-Scale Interconnected Systems With Large Delays,Yang Zhu; Emilia Fridman,https://doi.org/10.1109/tac.2020.3011396,31
2022,T-AC,Predictor-Based Global Sampled-Data Output Feedback Stabilization for Nonlinear Uncertain Systems Subject to Delayed Output,Jiankun Sun; Jun Yang; Shihua Li; Zhigang Zeng,https://doi.org/10.1109/tac.2022.3160234,31
2018,IJRNC,Distributed adaptive model‐based event‐triggered predictive control for consensus of multiagent systems,Xiuxia Yin; Dong Yue; Songlin Hu; Huaipin Zhang,https://doi.org/10.1002/rnc.4370,31
2015,T-AES,UGHF for acoustic tracking with state-dependent propagation delay,Rong Yang; Yaakov Bar‐Shalom; Hong Huang; Gee Wah Ng,https://doi.org/10.1109/taes.2015.140386,31
2000,JIRS,A Neural Net Predictive Control for Telerobots with Time Delay,Jih-Jenn Huang; Frank L. Lewis; K. Liu,https://doi.org/10.1023/a:1008158209668,31
2014,T-AC,Truncated Predictor Feedback Stabilization of Polynomially Unstable Linear Systems With Multiple Time-Varying Input Delays,Bin Zhou; Zongli Lin,https://doi.org/10.1109/tac.2013.2297188,30
2016,T-IE,A Novel Robust Predictive Control System Over Imperfect Networks,Dinh Quang Truong; Kyoung Kwan Ahn; James Marco,https://doi.org/10.1109/tie.2016.2580124,30
2021,T-IE,128-Channel High-Linearity Resolution-Adjustable Time-to-Digital Converters for LiDAR Applications: Software Predictions and Hardware Implementations,Wujun Xie; Y. Wang; Haochang Chen; David Li,https://doi.org/10.1109/tie.2021.3076708,30
2018,T-II,Wide Area Predictive Control of Power System Considering Communication Delay and Data Drops,Priyatosh Mahish; Ashok Kumar Pradhan; Avinash Sinha,https://doi.org/10.1109/tii.2018.2876504,30
2023,T-II,Periodic Event-Triggered Robust Distributed Model Predictive Control for Multiagent Systems With Input and Communication Delays,Mengzhi Wang; Chengcheng Zhao; Jinhui Xia; Jian Sun,https://doi.org/10.1109/tii.2023.3245189,30
2019,T-CST,Coordinated Path-Following Control for Multiple Autonomous Vehicles With Communication Time Delays,Dongliang Chen; Shuai Liu,https://doi.org/10.1109/tcst.2019.2921262,30
2010,Mechatronics,A predictor for operator input for time-delayed teleoperation,Christian Smith; Patric Jensfelt,https://doi.org/10.1016/j.mechatronics.2010.03.002,30
2015,T-AC,Distributed Nonlinear MPC of Multi-Agent Systems With Data Compression and Random Delays,Sami El Ferik; Bilal Siddiqui; Frank L. Lewis,https://doi.org/10.1109/tac.2015.2449791,29
2020,T-AC,Predictor Feedback for Uncertain Linear Systems With Distributed Input Delays,Yang Zhu; Miroslav Krstić; Hongye Su,https://doi.org/10.1109/tac.2020.2966721,29
2021,T-AC,Delay-Adaptive Predictor Feedback Control of Reaction–Advection–Diffusion PDEs With a Delayed Distributed Input,Shanshan Wang; Mamadou Diagne; Jie Qi,https://doi.org/10.1109/tac.2021.3109512,29
2023,NonlinDyn,Model reduction for nonlinearizable dynamics via delay-embedded spectral submanifolds,Joar Axås; George Haller,https://doi.org/10.1007/s11071-023-08705-2,29
2011,JFI,Minimization of disturbances effects in time delay predictor-based sliding mode control systems,Andrey Polyakov,https://doi.org/10.1016/j.jfranklin.2011.06.028,29
2019,T-Mech,A Delay Compensation Framework for Predicting Heading in Teleoperated Ground Vehicles,Yingshi Zheng; Mark Brudnak; Paramsothy Jayakumar; Jeffrey L. Stein; Tulga Ersal,https://doi.org/10.1109/tmech.2019.2936313,29
2006,T-CST,Multivariable Smith Predictors Design for Nonsquare Plants,Weidong Zhang; Chong Lin,https://doi.org/10.1109/tcst.2006.880219,29
2022,T-CST,Delay-Adaptive Control of a 7-DOF Robot Manipulator: Design and Experiments,Alexander Bertino; Peiman Naseradinmousavi; Miroslav Krstić,https://doi.org/10.1109/tcst.2022.3152363,29
2016,T-AC,Predictor-Based Control of Systems With State Multiplicative Noise,Eli Gershon; Emilia Fridman; U. Shaked,https://doi.org/10.1109/tac.2016.2593968,28
2014,Automatica,Predictor based stabilization of neutral type systems with input delay,Vladimir L. Kharitonov,https://doi.org/10.1016/j.automatica.2014.11.005,28
2018,Automatica,Distributed predictor-based stabilization of continuous interconnected systems with input delays,Kun‐Zhi Liu; Xi‐Ming Sun; Miroslav Krstić,https://doi.org/10.1016/j.automatica.2018.01.030,28
2015,IJRNC,Compensation of time-varying input delay for discrete-time nonlinear systems,Joon‐Young Choi; Miroslav Krstić,https://doi.org/10.1002/rnc.3382,28
2021,JFI,Constrained model predictive fault-tolerant control for multi-time-delayed batch processes with disturbances: A Lyapunov-Razumikhin function method,Limin Wang; Song Jiang; Ridong Zhang; Furong Gao,https://doi.org/10.1016/j.jfranklin.2021.09.028,28
2022,T-IE,Predictor-Based Extended State Observer for Disturbance Rejection Control of Multirate Systems With Measurement Delay,Jiankun Sun; Xiangyang Liu; Jun Yang; Zhigang Zeng; Shihua Li,https://doi.org/10.1109/tie.2022.3172756,28
2022,AST,Prediction of ignition delay times of Jet A-1/hydrogen fuel mixture using machine learning,Yunzhe Huang; Chongwen Jiang; Kaidi Wan; Zhenxun Gao; Luc Vervisch,https://doi.org/10.1016/j.ast.2022.107675,28
2023,T-ITS,Predictive Display With Perspective Projection of Surroundings in Vehicle Teleoperation to Account Time-Delays,Jai Prakash; Michele Vignati; Daniele Vignarca; Edoardo Sabbioni; Federico Cheli,https://doi.org/10.1109/tits.2023.3268756,28
2023,NonlinDyn,Application of a time-delay SIR model with vaccination in COVID-19 prediction and its optimal control strategy,Suyalatu Dong; Linlin Xu; A Yana; Zhong-Zhou Lan; Ding Xiao,https://doi.org/10.1007/s11071-023-08308-x,27
2003,T-AC,2dof controller parametrization for systems with a single i/o delay,Leonid Mirkin; Qing‐Chang Zhong,https://doi.org/10.1109/tac.2003.819286,26
2023,T-II,A Cooperative Silicon Content Dynamic Prediction Method With Variable Time Delay Estimation in the Blast Furnace Ironmaking Process,Zhaohui Jiang; Ke Jiang; Yongfang Xie; Dong Pan; Weihua Gui,https://doi.org/10.1109/tii.2023.3268740,26
2014,T-CST,Predictor-Based Remote Tracking Control of a Mobile Robot,Alejandro Alvarez-Aguirre; Nathan van de Wouw; Toshiki Oguchi; Henk Nijmeijer,https://doi.org/10.1109/tcst.2014.2304741,26
2018,Mechatronics,A study on actuator delay compensation using predictive control technique with experimental verification,Asal Nahidi; Amir Khajepour; Alireza Kasaeizadeh; Shih-Ken Chen; Bakhtiar Litkouhi,https://doi.org/10.1016/j.mechatronics.2018.11.007,26
2021,Automatica,Output-feedback anti-disturbance predictor-based control for discrete-time systems with time-varying input delays,Antonio González; Pedro García,https://doi.org/10.1016/j.automatica.2021.109627,25
2006,JGCD,Endgame Guidance and Relative Navigation of Strategic Interceptors with Delays,Hari B. Hablani,https://doi.org/10.2514/1.12748,25
2021,T-ITS,The Bounds of Improvements Toward Real-Time Forecast of Multi-Scenario Train Delays,Jianqing Wu; Yihui Wang; Bo Du; Qiang Wu; Yanlong Zhai,https://doi.org/10.1109/tits.2021.3099031,25
2012,JIRS,Predictor-based Position Control of a Quad-rotor with Delays in GPS and Vision Measurements,Jairo Ordaz; Sergio Salazar; Sabine Mondié; Hugo Romero; Rogelio Lozano,https://doi.org/10.1007/s10846-012-9714-5,25
2014,T-CST,Design and Practical Implementation of External Consensus Protocol for Networked Multiagent Systems With Communication Delays,Nurul Adilla Mohd Subha; Shuai Liu,https://doi.org/10.1109/tcst.2014.2341617,25
2017,IJRNC,Robust control for uncertain linear delay systems via sliding mode control,A.G. Loukianov; H. Caballero‐Barragán; Linda Patricia Osuna-Ibarra; O. Espinosa‐Guerra; B. Castillo–Toledo,https://doi.org/10.1002/rnc.3834,24
2022,T-IE,Adaptive Smith Predictor for Enhanced Stability of Power Hardware-in-the-Loop Setups,Zhiwang Feng; Rafael Peña‐Alzola; Mazheruddin Syed; Patrick Norman; Graeme Burt,https://doi.org/10.1109/tie.2022.3224196,24
2006,IJRR,Discrete-time Linear Quadratic Gaussian Control for Teleoperation Under Communication Time Delay,Shahin Sirouspour; Ali Shahdi,https://doi.org/10.1177/0278364906061081,23
2018,T-AC,Sequential Predictors Under Time-Varying Feedback and Measurement Delays and Sampling,Jerome Weston; Michael Malisoff,https://doi.org/10.1109/tac.2018.2874694,23
2020,Automatica,Sub-predictors for network-based control under uncertain large delays,Yang Zhu; Emilia Fridman,https://doi.org/10.1016/j.automatica.2020.109350,23
2004,IJRNC,Model predictive control for constrained systems with uncertain state‐delays,Xiaobing Hu; Wen‐Hua Chen,https://doi.org/10.1002/rnc.963,23
2020,JFI,"Stability, bifurcation prediction and optimal control of a delayed integer-order small-world network based on the fractional-order PD control policy of variable order",Binbin Tao; Min Xiao; Guo‐Ping Jiang; Jinde Cao,https://doi.org/10.1016/j.jfranklin.2020.08.004,23
2020,T-IE,Predictive Active Disturbance Rejection Control for Servo Systems With Communication Delays Via Sliding Mode Approach,Ping Li; Lin Wang; Guoli Zhu; Mingming Zhang,https://doi.org/10.1109/tie.2020.3039203,23
2020,T-IE,Predictive Descriptor Observer Design for a Class of Linear Time-Invariant Systems With Applications to Quadrotor Trajectory Tracking,Chunyan Wang; Wei Dong; Jianan Wang; Zhengtao Ding,https://doi.org/10.1109/tie.2020.3028803,23
2019,T-IV,Semi-Persistent Resource Allocation Based on Traffic Prediction for Vehicular Communications,Ping Chu; J. Andrew Zhang; Xiaoxiang Wang; Gengfa Fang; Dongyu Wang,https://doi.org/10.1109/tiv.2019.2955911,23
2016,Mechatronics,Smith predictor based delay compensation for a hardware-in-the-loop docking simulator,Chenkun Qi; Feng Gao; Xianchao Zhao; Anye Ren; Qian Wang,https://doi.org/10.1016/j.mechatronics.2016.04.005,23
2000,Automatica,Robust state-predictive control with separation property: A reduced-state design for control systems with non-equal time delays,Bogdan Marinescu; Henri Bourlès,https://doi.org/10.1016/s0005-1098(99)00166-1,22
2020,Automatica,Robustness of constant-delay predictor feedback for in-domain stabilization of reaction–diffusion PDEs with time- and spatially-varying input delays,Hugo Lhachemi; Christophe Prieur; Robert Shorten,https://doi.org/10.1016/j.automatica.2020.109347,22
2020,IJRNC,Robust model predictive control for nonlinear parameter varying systems without computational delay,Jianglin Lan; Dezong Zhao,https://doi.org/10.1002/rnc.5235,22
2020,IJRNC,Prediction schemes for disturbance attenuation of discrete‐time linear systems with input‐delay,Ai‐Guo Wu; Yu Wang,https://doi.org/10.1002/rnc.5303,22
2018,JFI,Improving the performance of networked control systems with time delay and data dropouts based on fuzzy model predictive control,Ahmad Sakr; Ahmad M. El-Nagar; Mohammad El-Bardini; Mohammed Sharaf,https://doi.org/10.1016/j.jfranklin.2018.07.012,22
2020,T-IE,Increment Count Method and Its PLC-Based Implementation for Autotuning of Reduced-Order ADRC With Smith Predictor,Patryk Grelewicz; Paweł Nowak; Jacek Czeczot; Jakub Musial,https://doi.org/10.1109/tie.2020.3045696,22
2024,ESWA,Prediction of flight delay using deep operator network with gradient-mayfly optimisation algorithm,Desmond Bala Bisandu; Irene Moulitsas,https://doi.org/10.1016/j.eswa.2024.123306,22
2010,Automatica,A predictor–corrector type algorithm for the pseudospectral abscissa computation of time-delay systems,Suat Gümüşsoy; Wim Michiels,https://doi.org/10.1016/j.automatica.2010.01.032,21
2015,Automatica,Non-predictor controller for feedforward and non-feedforward nonlinear systems with an unknown time-varying delay in the input,Min‐Sung Koo; Ho‐Lim Choi,https://doi.org/10.1016/j.automatica.2015.11.033,21
2015,IJRNC,Robust output regulation of linear time-delay systems: A state predictor approach,Se Young Yoon; Zongli Lin,https://doi.org/10.1002/rnc.3374,21
2018,IJRNC,Inverse optimal control for strict‐feedforward nonlinear systems with input delays,Xiushan Cai; Cong Lin; Leipo Liu; Xisheng Zhan,https://doi.org/10.1002/rnc.4062,21
2017,JFI,Nonfragile robust model predictive control for uncertain constrained time-delayed system with compensations,Wei Jiang; Hongli Wang; Jinghui Lu; Weiwei Qin; Guangbin Cai,https://doi.org/10.1016/j.jfranklin.2017.02.001,21
2022,T-IE,Robust Predictor-Based Control for Multirotor UAV With Various Time Delays,Seong-Min Lee; Minho Shin; Hungsun Son,https://doi.org/10.1109/tie.2022.3224130,21
2011,T-AES,Multipath Insensitive Delay Lock Loop in GNSS Receivers,Nabil Jardak; Alexandre Vervisch-Picois; Nel Samama,https://doi.org/10.1109/taes.2011.6034653,21
2002,T-CST,Automatic Smith-predictor tuning using optimal parameter mismatch,Jih-Jenn Huang; Daniel B. DeBra,https://doi.org/10.1109/87.998035,21
2022,JAS,Robust Stability Analysis of Smith Predictor Based Interval Fractional-Order Control Systems: A Case Study in Level Control Process,Majid Ghorbani; Mahsan Tavakoli‐Kakhki; Aleksei Tepljakov; Eduard Petlenkov,https://doi.org/10.1109/jas.2022.105986,21
2009,T-RO,Motion Synchronization Control of Distributed Multisubsystems With Invariant Local Natural Dynamics,Joono Cheong; Silviu‐Iulian Niculescu; C. Kim,https://doi.org/10.1109/tro.2008.2011529,20
2012,NonlinDyn,Constrained predictive synchronization of discrete-time chaotic Lur’e systems with time-varying delayed feedback control,Oh‐Min Kwon; Jin-Hee Son; Sangmoon Lee,https://doi.org/10.1007/s11071-012-0697-3,20
2022,JAS,Comparison of Three Data-Driven Networked Predictive Control Methods for a Class of Nonlinear Systems,Zhong‐Hua Pang; Xueying Zhao; Jian Sun; Yuntao Shi; Shuai Liu,https://doi.org/10.1109/jas.2022.105830,20
2003,IJRR,Improvement of the Prediction Quality for Visual Servoing with a Switching Kalman Filter,Stefan Chroust; Markus Vincze,https://doi.org/10.1177/027836490302210008,19
2022,T-AC,Robust Model Predictive Control Using a Two-Step Triggering Scheme,Li Deng; Zhan Shu; Tongwen Chen,https://doi.org/10.1109/tac.2022.3170370,19
2023,T-AC,Contraction-Based Stochastic Model Predictive Control for Nonlinear Systems With Input Delay Using Multidimensional Taylor Network,Guobiao Wang; Hong‐Sen Yan; Xiao‐Yi Zheng,https://doi.org/10.1109/tac.2023.3281349,19
2006,Automatica,Design of robust output predictors under scarce measurements with time-varying delays,Roberto Sanchís; Ignacio Peñarrocha; Pedro Albertos,https://doi.org/10.1016/j.automatica.2006.08.016,19
2020,Automatica,Stability of linear systems with sawtooth input delay and predictor-based controller,Haoyuan Sun; Jian Sun; Jie Chen,https://doi.org/10.1016/j.automatica.2020.108949,19
2021,Automatica,Multivariable extremum seeking with distinct delays using a one-stage sequential predictor,Michael Malisoff; Miroslav Krstić,https://doi.org/10.1016/j.automatica.2020.109462,19
2022,T-ITS,Hybrid Recurrent Neural Network Modeling for Traffic Delay Prediction at Signalized Intersections Along an Urban Arterial,Arun Bala Subramaniyan; Chieh Wang; Yunli Shao; Li Wan; Hong Wang,https://doi.org/10.1109/tits.2022.3201880,19
2003,J.Aircraft,Comparison of Static and Dynamic Neural Networks for Limit Cycle Oscillation Prediction,Michael R. Johnson; Charles Denegri,https://doi.org/10.2514/2.3075,19
2010,ESWA,Short-term Maharashtra state electrical power load prediction with special emphasis on seasonal changes using a novel focused time lagged recurrent neural network based on time delay neural network model,Sanjay M. Kelo; Sanjay V. Dudul,https://doi.org/10.1016/j.eswa.2010.07.070,19
2023,ESWA,Transport causality knowledge-guided GCN for propagated delay prediction in airport delay propagation networks,Mengyuan Sun; Yong Tian; Xunuo Wang; Xiao Huang; Qianqian Li,https://doi.org/10.1016/j.eswa.2023.122426,19
2018,T-AC,A Predictor-Based Model Reference Adaptive Controller for Time-Delay Systems,Kim‐Doang Nguyen,https://doi.org/10.1109/tac.2018.2823269,18
2022,Automatica,Prediction-based controller for linear systems with stochastic input delay,Sijia Kong; Delphine Bresch‐Pietri,https://doi.org/10.1016/j.automatica.2021.110149,18
2015,IJRNC,Pseudo‐predictor feedback control of discrete‐time linear systems with a single input delay,Bin Zhou; Xuefei Yang; James Lam,https://doi.org/10.1002/rnc.3478,18
2022,T-ITS,Analysis of Vehicle Location Prediction Errors for Safety Applications in Cooperative-Intelligent Transportation Systems,Nishanthi Dasanayaka; Yanming Feng,https://doi.org/10.1109/tits.2022.3141710,18
2024,T-IV,Simultaneous Compensation of Actuation and Communication Delays for Heterogeneous Platoons via Predictor-Feedback CACC With Integral Action,Amirhossein Samii; Nikolaos Bekiaris‐Liberis,https://doi.org/10.1109/tiv.2024.3355334,18
1997,T-CST,Predictive compensation of time-varying computing delay on real-time control systems,S.J. Ovaska; Olli Vainio,https://doi.org/10.1109/87.623038,18
2017,T-CST,A Dual-Loop Control System for Dense Medium Coal Washing Processes With Sampled and Delayed Measurements,Lijun Zhang; Xiaohua Xia; Bing Zhu,https://doi.org/10.1109/tcst.2016.2640946,18
2023,T-AC,Stabilization of Linear Systems With Time Delay and Disturbance: A New State Prediction Approach,Kai Zhao; Jinhui Zhang; Zhongqi Sun; Duanduan Chen,https://doi.org/10.1109/tac.2023.3312558,17
2015,Automatica,Nonlinear predictors for systems with bounded trajectories and delayed measurements,Stefano Battilotti,https://doi.org/10.1016/j.automatica.2015.06.007,17
2016,IJRNC,Robust controller design for input‐delayed systems using predictive feedback and an uncertainty estimator,Ricardo Sanz; Pedro García; Pedro Albertos; Qing‐Chang Zhong,https://doi.org/10.1002/rnc.3639,17
2011,JFI,Sampled-data predictive control for uncertain jump systems with partly unknown jump rates and time-varying delay,Jiwei Wen; Fei Liu; Sing Kiong Nguang,https://doi.org/10.1016/j.jfranklin.2011.11.004,17
2014,JFI,SCHMM-based modeling and prediction of random delays in networked control systems,Yuan Ge; Qigong Chen; Ming Jiang; Yiqing Huang,https://doi.org/10.1016/j.jfranklin.2013.12.021,17
2021,JGCD,Time-Delay Prediction–Based Smith Predictive Control for Space Teleoperation,Haifei Chen; Zhengxiong Liu,https://doi.org/10.2514/1.g005714,17
2024,T-ITS,A Sequence-to-Sequence Car-Following Model for Addressing Driver Reaction Delay and Cumulative Error in Multi-Step Prediction,Nan Xu; Chaoyi Chen; Yao Zhang; Jiawei Wang; Qiao Liu,https://doi.org/10.1109/tits.2024.3380708,17
2019,J.Aircraft,Transitional Delayed Detached-Eddy Simulation of Multielement High-Lift Airfoils,James G. Coder; Hector D. Ortiz-Melendez,https://doi.org/10.2514/1.c035161,17
2021,CEP,Idle speed control with low-complexity offset-free explicit model predictive control in presence of system delay,Sang Hwan Son; Se-Kyu Oh; Byung Jun Park; Min Jun Song; Jong Min Lee,https://doi.org/10.1016/j.conengprac.2021.104990,17
2021,JAS,Designing Discrete Predictor-Based Controllers for Networked Control Systems with Time-varying Delays: Application to A Visual Servo Inverted Pendulum System,Yang Deng; Vincent Léchappé; Changda Zhang; Emmanuel Moulay; Dajun Du,https://doi.org/10.1109/jas.2021.1004249,17
2019,Automatica,Predictor-based control of stochastic systems with nonlinear diffusions and input delay,Filippo Cacace; Alfredo Germani; Costanzo Manes; Marco Papi,https://doi.org/10.1016/j.automatica.2019.05.019,16
2019,Automatica,Design of pseudo-predictor feedback for neutral-type linear systems with both state and input delays,Bin Zhou; Qingsong Liu; Wim Michiels,https://doi.org/10.1016/j.automatica.2019.108502,16
2015,T-Mech,"Physiological Organ Motion Prediction and Compensation Based on Multirate, Delayed, and Unregistered Measurements in Robot-Assisted Surgery and Therapy",Meaghan Bowthorpe; Mahdi Tavakoli,https://doi.org/10.1109/tmech.2015.2482391,16
2023,T-IE,Predictive State Observer-Based Set-Point Learning Control for Batch Manufacturing Processes With Delay Response,Tao Liu; Shoulin Hao; Youqing Wang; Jing Na,https://doi.org/10.1109/tie.2023.3245217,16
2024,T-IE,Model-Free Current Predictive Control Method for Switched Reluctance Motors,Guoqiang Han; Huimin Zhu; Lin Zhang; Jingwei Hong; Beibei Zhu,https://doi.org/10.1109/tie.2024.3349569,16
2022,T-ITS,Robust Real-Time Delay Predictions in a Network of High-Frequency Urban Buses,Héctor Rodríguez-Déniz; Mattias Villani,https://doi.org/10.1109/tits.2022.3149656,16
2024,T-ITS,Bayesian Spatio-Temporal Graph Convolutional Network for Railway Train Delay Prediction,Jianmin Li; Xinyue Xu; Xin Ding; Jun Liu; Bin Ran,https://doi.org/10.1109/tits.2024.3409754,16
2017,T-AC,Global Adaptive Controller for Linear Systems With Unknown Input Delay,Chao Huang; Changbin Yu,https://doi.org/10.1109/tac.2017.2714858,15
2019,IJRNC,Robust sampled‐data model predictive control for networked systems with time‐varying delay,Ting Shi; Peng Shi; Shuoyu Wang,https://doi.org/10.1002/rnc.4483,15
2020,IJRNC,Dynamic predictor for systems with state and input delay: A time‐domain robust stability analysis,Luis Antonio Esteve Juárez; Sabine Mondié; Vladimir L. Kharitonov,https://doi.org/10.1002/rnc.4879,15
2020,IJRNC,Stabilization of linear systems with time‐varying input delay by event‐triggered delay independent truncated predictor feedback,Yijing Xie; Yusheng Wei; Zongli Lin,https://doi.org/10.1002/rnc.5045,15
2024,IJRNC,Nonlinear predictor‐feedback cooperative adaptive cruise control of vehicles with nonlinear dynamics and input delay,Nikolaos Bekiaris‐Liberis,https://doi.org/10.1002/rnc.7204,15
2012,T-ITS,Heterogeneous Delay Embedding for Travel Time and Energy Cost Prediction Via Regression Analysis,Tingting Mu; Jianmin Jiang; Yan Wang,https://doi.org/10.1109/tits.2012.2210419,15
2020,T-VT,Broad Echo State Network for Channel Prediction in MIMO-OFDM Systems,Yongbo Sui; Yigang He; Tongtong Cheng; Yuan Huang; Shuguang Ning,https://doi.org/10.1109/tvt.2020.3025913,15
2022,T-VT,Cascade Modular Path Following Control Strategy for Gantry Virtual Track Train: Time-Delay Stability and Forward Predictive Model,Han Leng; Lihui Ren; Yuanjin Ji,https://doi.org/10.1109/tvt.2022.3167921,15
2018,RAL,Delay Compensation for a Telepresence System With 3D 360 Degree Vision Based on Deep Head Motion Prediction and Dynamic FoV Adaptation,Tamay Aykut; Mojtaba Karimi; Christoph Burgmair; Andreas Finkenzeller; Christoph Bachhuber,https://doi.org/10.1109/lra.2018.2864359,15
2016,T-CST,Predictor Observers for Proportional Navigation Systems Subjected to Seeker Delay,John Charles Holloway; Miroslav Krstić,https://doi.org/10.1109/tcst.2016.2526666,15
2021,T-CST,Predictor-Based Control for a Flexible Satellite Subject to Output Time Delay,Yonghao Ma; Xiuyu He; Mou Chen; Wei He,https://doi.org/10.1109/tcst.2021.3109270,15
2022,UnmannedSys,Affine Formation Control of General Linear Multi-Agent Systems with Delays,Jianan Wang; Xiangjun Ding; Chunyan Wang; Zongyu Zuo; Zhengtao Ding,https://doi.org/10.1142/s2301385023410017,15
2018,JAS,Predictive tracking control of network-based agents with communication delays,Tianyong Zhang; Shuai Liu,https://doi.org/10.1109/jas.2017.7510868,15
2018,NonlinDyn,Robust predictive scheme for input delay systems subject to nonlinear disturbances,Shang Shi; Shengyuan Xu; Yongmin Li; Yu‐Ming Chu; Zhengqiang Zhang,https://doi.org/10.1007/s11071-018-4243-9,14
2018,T-II,Data-Based Predictive Hybrid Driven Control for a Class of Imperfect Networked Systems,Truong Q. Dinh; James Marco; David Greenwood; Kyoung Kwan Ahn; Jong Il Yoon,https://doi.org/10.1109/tii.2018.2799081,14
2025,T-ITS,Flight Delay Prediction: A Dissecting Review of Recent Studies Using Machine Learning,Sebastian Wandelt; Xinyue Chen; Xiaoqian Sun,https://doi.org/10.1109/tits.2025.3528536,14
2023,T-CST,Robustness Analysis of a Distributed Adaptive Model Predictive Control for Connected and Automated Vehicles Against Delays,Enrico Landolfi; Alessandro Salvi; Alfredo Troiano; Ciro Natale,https://doi.org/10.1109/tcst.2023.3345175,14
2021,JAS,Pseudo-Predictor Feedback Control for Multiagent Systems with Both State and Input Delays,Qingsong Liu,https://doi.org/10.1109/jas.2021.1004180,14
2015,T-AC,Nonlinear Predictor Feedback for Input-Affine Systems With Distributed Input Delays,Anton Ponomarev,https://doi.org/10.1109/tac.2015.2496191,13
2020,T-AC,Predictor-Based Output-Feedback Control of Linear Stochastic Systems With Large I/O Delays,Filippo Cacace; Alfredo Germani; Costanzo Manes; Marco Papi,https://doi.org/10.1109/tac.2020.2974442,13
2021,IJRNC,Observer‐based predictor for a susceptible‐infectious‐recovered model with delays: An optimal‐control case study,Fernando Castaños; Sabine Mondié,https://doi.org/10.1002/rnc.5522,13
2023,IJRNC,Predictive output feedback control of networked control system with Markov DoS attack and time delay,Li Qiu; Caixia Xiang; Yidan Wen; Marzieh Najariyan; Chengxiang Liu,https://doi.org/10.1002/rnc.6572,13
2023,T-VT,Predicted Trajectory Guidance Control Framework of Teleoperated Ground Vehicles Compensating for Delays,Qiang Zhang; Zhouli Xu; Yihang Wang; Lingfang Yang; Xiaolin Song,https://doi.org/10.1109/tvt.2023.3269517,13
2016,T-CST,Truncated Predictor Feedback Control for Active Magnetic Bearing Systems With Input Delay,Se Young Yoon; Long Di; Parinya Anantachaisilp; Zongli Lin,https://doi.org/10.1109/tcst.2016.2521801,13
2017,J.Aircraft,Numerical Simulations of the F-16XL at Flight-Test Conditions Using Delayed Detached-Eddy Simulation,Andrew J. Lofthouse; Russell M. Cummings,https://doi.org/10.2514/1.c034045,13
2018,CEP,Model-free and time-constant prediction for closed-loop systems with time delay,Mateusz Saków; K. Marchelek,https://doi.org/10.1016/j.conengprac.2018.08.021,13
2018,T-AC,Neumann Boundary Stabilization of One-Dimensional Linear Parabolic Systems With Input Delay,Hideki Sano,https://doi.org/10.1109/tac.2018.2791470,12
2022,T-AC,A Predictor Based Linearization Approach for Local Stabilization of Nonlinear Systems With Input Delay,Xueliang Liu; Wei Lin,https://doi.org/10.1109/tac.2022.3201007,12
2020,Automatica,Sequential predictors for delay compensation for discrete time systems with time-varying delays,Frédéric Mazenc; Michael Malisoff; Indra Bhogaraju,https://doi.org/10.1016/j.automatica.2020.109188,12
2023,Automatica,A fundamental matrix based approach to design predictor-based control laws for discrete-time systems with state and input delays,Ai‐Guo Wu,https://doi.org/10.1016/j.automatica.2023.111145,12
2019,IJRNC,"Bounded consensus for multiagent systems by event‐triggered data transmission, time delay, and predictor‐based control",Yanliang Cui; Lanlan Xu,https://doi.org/10.1002/rnc.4809,12
2020,IJRNC,Observer‐predictor feedback for consensus of discrete‐time multiagent systems with both state and input delays,Qingsong Liu,https://doi.org/10.1002/rnc.4977,12
2021,IJRNC,Critical parameters for the robust stabilization of the inverted pendulum with reaction delay: State feedback versus predictor feedback,Balazs A. Kovacs; Tamás Insperger,https://doi.org/10.1002/rnc.5649,12
2020,JFI,Prediction-based approach to stabilization of 2-D continuous-time Roesser systems with directional input delays,Hieu Trinh; Le Van Hien,https://doi.org/10.1016/j.jfranklin.2020.02.019,12
2023,T-Mech,Predictive Gradient Based Control Using Hammerstein Model for MEMS Micromirrors,Guo Chai; Yonghong Tan; Qingyuan Tan; Ruili Dong; Xichi Long,https://doi.org/10.1109/tmech.2023.3317051,12
2024,T-II,Cooperative Tracking Control of Networked Multiagent Systems: A Dual-Prediction Plus Correction Approach,Zhong‐Hua Pang; Tao Du; Shengnan Gao; Qing‐Long Han; Shuai Liu,https://doi.org/10.1109/tii.2024.3441648,12
2023,T-ITS,Latency Compensation and Prediction for Wireless Train to Ground Communication Network Based on Hybrid LSTM Model,Jiajun Duan; Xiong Wei; Jiahua Zhou; Tingting Wang; Xuechao Ge,https://doi.org/10.1109/tits.2023.3312695,12
2017,T-VT,Energy Efficient Beaconing Control Strategy Based on Time-Continuous Markov Model in DTNs,En Wang; Yongjian Yang; Jie Wu,https://doi.org/10.1109/tvt.2017.2670620,12
2004,Automatica,An innovation approach to H$infin; prediction for continuous-time systems with application to systems with delayed measurements*1,H ZHANG,https://doi.org/10.1016/s0005-1098(04)00070-6,11
2020,Automatica,Predictor-feedback synthesis in coordinate-free formation control under time-varying delays,Antonio González; Rosario Aragüés; Gonzalo López‐Nicolás; Carlos Sagüés,https://doi.org/10.1016/j.automatica.2020.108811,11
2022,Automatica,Newton-series-based observer–predictor control for disturbed input-delayed discrete-time systems,Thiago Alves Lima; Valessa V. Viana; Bismark C. Torrico; Fabrício G. Nogueira; Diego de S. Madeira,https://doi.org/10.1016/j.automatica.2022.110624,11
2018,IJRNC,A delay‐independent output feedback for linear systems with time‐varying input delay,Yusheng Wei; Zongli Lin,https://doi.org/10.1002/rnc.4059,11
2019,IJRNC,Anti‐windup design of active disturbance rejection control for sampled systems with input delay,Xinpeng Geng; Tao Liu; Shoulin Hao; Chongquan Zhong; Qing‐Guo Wang,https://doi.org/10.1002/rnc.4838,11
2021,IJRNC,Predictor feedback and integrator backstepping of linear systems with distributed unbounded delays,Xiang Xu; Lu Liu; Miroslav Krstić; Gang Feng,https://doi.org/10.1002/rnc.5810,11
2021,IJRNC,Robust output feedback model predictive control of time‐delayed systems using interval observers,Alex dos Reis de Souza; Denis Efimov; Tarek Raïssi,https://doi.org/10.1002/rnc.5874,11
2022,NonlinDyn,Finite-time $${H}_{\infty }$$ predictive control for stochastic networked control systems with delays and packet dropouts,Tingting Jiang; Yuping Zhang; Shouming Zhong; Jie Bao; Kaibo Shi,https://doi.org/10.1007/s11071-022-07674-2,11
2022,NonlinDyn,Truncated predictor stabilization control for interconnected nonlinear systems with time-varying input delay,Liuliu Zhang; Songsong Liu; Changchun Hua,https://doi.org/10.1007/s11071-021-07126-3,11
2024,NonlinDyn,Distributed consensus of nonlinear stochastic multi-agent systems with input and output delays via predictive control,Dinglin Deng; Ping He; Peng Shi; Levente Kovács,https://doi.org/10.1007/s11071-024-10094-z,11
2020,JFI,A networked predictive controller for linear multi-agent systems with communication time delays,Dongliang Chen; Shuai Liu,https://doi.org/10.1016/j.jfranklin.2020.07.020,11
2024,T-ITS,Game-Theoretic Driver-Automation Cooperative Steering Control on Low-Adhesion Roads With Driver Neuromuscular Delay,Jun Liu; Hongyan Guo; Qingyu Meng; Wanqing Shi; Zhenhai Gao,https://doi.org/10.1109/tits.2024.3354821,11
2024,T-ITS,A Spatio-Temporal Approach With Self-Corrective Causal Inference for Flight Delay Prediction,Qihui Zhu; Shenwen Chen; Tong Guo; Yisheng Lv; Wenbo Du,https://doi.org/10.1109/tits.2024.3443261,11
2017,T-VT,Exploiting Active Sub-areas for Multi-copy Routing in VDTNs,Bo Wu; Haiying Shen; Kang Chen,https://doi.org/10.1109/tvt.2017.2780228,11
2020,T-CST,A Nonuniform Delay-Coordinate Embedding-Based Multiscale Predictor for Blast Furnace Systems,Chuanhou Gao; Qiuqiang Lin; Jiasheng Ni; Wei Guo; Qihui Li,https://doi.org/10.1109/tcst.2020.3023072,11
2016,T-AC,A New Prediction Scheme for Input Delay Compensation in Restricted-Feedback Linearizable Systems,William Pasillas-Lépine; Antonio Lorı́a; Trong-Bien Hoang,https://doi.org/10.1109/tac.2016.2531042,10
2018,T-AC,Stabilization of Nonlinear Systems With Time-Varying Input and State Delays by Approximate Predictor,Kun‐Zhi Liu; Xi‐Ming Sun,https://doi.org/10.1109/tac.2018.2793942,10
2021,Automatica,Adaptive delay compensation for consensus control under switching topologies by observer–predictor,Ran Huang; Zhengtao Ding,https://doi.org/10.1016/j.automatica.2021.109811,10
2024,Automatica,Trivariant fundamental matrices and predictor based feedback control laws for discrete-time linear systems with variant state-delays,Ai‐Guo Wu; Jie Zhang; Jie Mei,https://doi.org/10.1016/j.automatica.2024.112018,10
2018,IJRNC,Delay compensation for linear systems with both state and distinct input delays,Qingsong Liu; Bin Zhou,https://doi.org/10.1002/rnc.4246,10
2021,IJRNC,Adaptive tracking of uncertain nonlinear systems under different types of input delays with urban traffic perimeter control application,Jack Haddad; Boris Mirkin,https://doi.org/10.1002/rnc.5680,10
2022,JFI,Contraction-based model predictive control for stochastic nonlinear discrete-time systems with time-varying delays via multi-dimensional Taylor network,Guobiao Wang; Hong‐Sen Yan,https://doi.org/10.1016/j.jfranklin.2022.12.024,10
2002,T-Mech,Predictive control with enhanced robustness for precision positioning in frictional environment,Chi-Cheng Cheng; Cheng‐Yi Chen; George T.‐C. Chiu,https://doi.org/10.1109/tmech.2002.802715,10
2020,T-IE,A Novel Current Controller for Grid-Connected Voltage-Source-Inverters,Hua F. Xiao; Mingming Li; Liliang Wu; Ming Cheng,https://doi.org/10.1109/tie.2019.2962441,10
2022,T-ITS,Optimal Traffic Signal Control of Isolated Oversaturated Intersections Using Predicted Demand,Reza Mohajerpoor; Chen Cai; Mohsen Ramezani,https://doi.org/10.1109/tits.2022.3209606,10
2023,T-VT,Cloud Control of Connected Vehicle Under Both Communication-Induced Sensing and Control Delay: A Prediction Method,Jian Pan; Qing Xu; Keqiang Li; Jianqiang Wang,https://doi.org/10.1109/tvt.2023.3248870,10
2011,J.Aircraft,Predicting Arrival Delays: An Application of Spatial Analysis,Tony Diana,https://doi.org/10.2514/1.c031050,10
2024,ESWA,A novel dynamic grey multivariate prediction model for multiple cumulative time-delay shock effects and its application in energy emission forecasting,Xuemei Li; Beijia Zhang; Yufeng Zhao; Yi Zhang; Shiwei Zhou,https://doi.org/10.1016/j.eswa.2024.124081,10
2014,T-AC,Evaluating and Approximating FIR Filters: An Approach Based on Functions of Matrices,Wim Michiels; Hakkı Ulaş Ünal,https://doi.org/10.1109/tac.2014.2326295,9
2019,JFI,Tracking control algorithms for plants with input time-delays based on state and disturbance predictors and sub-predictors,Igor B. Furtat; П. А. Гущин,https://doi.org/10.1016/j.jfranklin.2019.03.013,9
2021,JFI,Stabilization of time delay systems with saturations via PDE predictor boundary control design,P. Selvaraj; Oh‐Min Kwon; Seung-Hoon Lee; R. Sakthivel,https://doi.org/10.1016/j.jfranklin.2021.09.011,9
2024,T-Mech,Minimum Error Entropy Robust Delay Filter for Multi-AUV Cooperative Localization,Xiaoyu Wang; Bo Xu; Yu Guo,https://doi.org/10.1109/tmech.2024.3435128,9
2024,T-IE,FCS-MPC With Improved Prediction for Suppressing Torque and Current Pulsations of Switched Reluctance Motors,Xiaodong Sun; Yilong Wen; Yiliang Zhu; Lei Zhang; Ming Yao,https://doi.org/10.1109/tie.2024.3515281,9
2023,T-II,Predictor-Based Extended State Observer for Decentralized Event-Triggered Control of Large-Scale Systems With Input and Output Delays,Jiankun Sun; Zhigang Zeng,https://doi.org/10.1109/tii.2023.3313670,9
2024,T-II,Distributed Predictive Control for Networked DC Microgrids With Communication Delays and Packet Dropouts,Xiaoran Dai; Shuai Liu; Wenshan Hu; Qijun Deng; Zhongcheng Lei,https://doi.org/10.1109/tii.2024.3498095,9
2001,T-VT,Power control in feedback communications over a fading channel,I. Saarinen; Aarne Mämmelä; Pertti Järvensivu; K. Ruotsalainen,https://doi.org/10.1109/25.950324,9
2023,ESWA,Prediction of departure delays at original stations using deep learning approaches: A combination of route conflicts and rolling stock connections,Zhongcan Li; Ping Huang; Chao Wen; Jie Li; Filipe Rodrigues,https://doi.org/10.1016/j.eswa.2023.120500,9
2015,T-AC,Reduction-Based Robustness Analysis of Linear Predictor Feedback for Distributed Input Delays,Anton Ponomarev,https://doi.org/10.1109/tac.2015.2437520,8
2019,IJRNC,Disturbance‐prediction–based control of input time delay systems for rejection of unknown frequency disturbances,Xinyu Wen; Peng Yan,https://doi.org/10.1002/rnc.4770,8
2020,T-IE,Lyapunov Redesign for Input and State Delays Systems by Using Optimal Predictive Control and Ultimate Bound Approaches: Theory and Experiments,Omar‐Jacobo Santos‐Sánchez; Rodrigo-Edgardo Velasco-Rebollo; Liliam Rodríguez‐Guerrero; Patricio Ordaz; Carlos Cuvas,https://doi.org/10.1109/tie.2020.3040678,8
2022,T-ITS,What Do We Know When? Modeling Predictability of Transit Operations,Beda Büchel; Francesco Corman,https://doi.org/10.1109/tits.2022.3145243,8
2022,T-ITS,Prediction-Based Preview Control of Motion Platform With Time Delay,Seong-Min Lee; Hungsun Son,https://doi.org/10.1109/tits.2022.3205656,8
2023,T-ITS,Consensus of Linear Discrete-Time Connected Autonomous Vehicle Systems With Time Delays and Multiplicative Noise,Liu Guang-ming; Yonggui Liu; Xuhuan Xie,https://doi.org/10.1109/tits.2023.3330823,8
2024,T-ITS,A Heterogeneous Graph Convolution Based Method for Short-Term OD Flow Completion and Prediction in a Metro System,Jiexia Ye; Juanjuan Zhao; Furong Zheng; Chengzhong Xu,https://doi.org/10.1109/tits.2024.3467094,8
2024,T-ITS,Multi-Step Regression Network With Attention Fusion for Airport Delay Prediction,Zhenchun Wei; Siwei Zhu; Zengwei Lyu; Yan Qiao; Xiaohui Yuan,https://doi.org/10.1109/tits.2023.3345630,8
2021,T-VT,Analysis and Design of Drivetrain Control for the AEV With Network-Induced Compounding-Construction Loop Delays,Wanke Cao; Lecheng Wang; Jianwei Li; Chunlei Peng; Jiaming Zhou,https://doi.org/10.1109/tvt.2021.3077355,8
2023,T-CST,Lifelong Learning Meets Dynamic Processes: An Emerging Streaming Process Prediction Framework With Delayed Process Output Measurement,Tong Liu; Sheng Chen; Po Yang; Yunpeng Zhu; Mehmet Mercangöz,https://doi.org/10.1109/tcst.2023.3312850,8
2024,ESWA,Prediction of ATFM impact for individual flights: A machine learning approach,Sergi Mas-Pujol; Luis Delgado,https://doi.org/10.1016/j.eswa.2024.124146,8
2025,ESWA,Overcoming time delays challenges: Decomposition–Reconstruction approaches for time-series TBM performance predictions,Chao Li; Shuying Wang; Tongming Qu; Xiangcou Zheng; Xuemin Zhang,https://doi.org/10.1016/j.eswa.2025.127739,8
2022,Automatica,Predictor-feedback stabilization of two-input nonlinear systems with distinct and state-dependent input delays,Yan Zhao; Huijun Gao; Shengyuan Xu; Yonggui Kao,https://doi.org/10.1016/j.automatica.2022.110479,7
2024,Automatica,Robustness of reaction–diffusion PDEs predictor-feedback to stochastic delay perturbations,Dandan Guan; Jie Qi; Mamadou Diagne,https://doi.org/10.1016/j.automatica.2024.111784,7
2021,IJRNC,Robust model predictive control of uncertain nonlinear time‐delay systems via control contraction metric technique,Zheng‐Yi Duan; Caisheng Wei; Wei Xie,https://doi.org/10.1002/rnc.5452,7
2023,IJRNC,Optimal security control for networked switched systems with a state‐prediction‐based anti‐DoS mechanism,Yiwen Qi; Honglin Geng; Ning Xing; Jie Huang; Yanwei Huang,https://doi.org/10.1002/rnc.6860,7
2024,NonlinDyn,Learn from one and predict all: single trajectory learning for time delay systems,Xunbi A. Ji; Gábor Orosz,https://doi.org/10.1007/s11071-023-09206-y,7
2024,NonlinDyn,Dynamic mode decomposition with optimal amplitude and time-delay embedding for reconstruction and prediction of local measurements,Sishi Cao; Zhifei Zhang; Quanzhou Zhang; Yansong He,https://doi.org/10.1007/s11071-024-09554-3,7
2020,JFI,Anti-windup strategy for processes with multiple delays: A predictor-based approach,Tito L.M. Santos; Taniel S. Franklin; Bismark C. Torrico,https://doi.org/10.1016/j.jfranklin.2020.12.022,7
2024,JFI,Truncated predictive control for delayed cyber–physical systems under deception attacks,S. Anusuya; R. Sakthivel; Ardashir Mohammadzadeh; Oh‐Min Kwon,https://doi.org/10.1016/j.jfranklin.2024.107361,7
2016,T-IE,Communication-Aware Bandwidth-Optimized Predictive Control of Motor Drives in Electric Vehicles,Davide Quaglia; Riccardo Muradore,https://doi.org/10.1109/tie.2016.2558485,7
2017,AST,Ionospheric delay prediction and code-carrier divergence testing for GBAS using neural network and GPS L1,İrfan Sayım; Haoxiang Lang; Dan Zhang,https://doi.org/10.1016/j.ast.2017.07.039,7
2024,T-ITS,Latency-Free Driving Scene Prediction for On-Road Teledriving With Future-Image-Generation,Kang-Won Lee; Dae-Kwan Ko; Yong-Jun Kim; Jee-Hwan Ryu; Soo‐Chul Lim,https://doi.org/10.1109/tits.2024.3435481,7
2023,T-VT,Performance of Successive Reference Pose Tracking vs Smith Predictor Approach for Direct Vehicle Teleoperation Under Variable Network Delays,Jai Prakash; Michele Vignati; Edoardo Sabbioni,https://doi.org/10.1109/tvt.2023.3339877,7
2020,T-AC,Stabilization of Distributed Parameter Systems With Delays in the Boundary Based on Predictors,Dongyi Liu; Qingcong Wang; Genqi Xu,https://doi.org/10.1109/tac.2020.3035586,6
2022,NonlinDyn,Analytical prediction of delayed Hopf bifurcations in a simplified stochastic model of reed musical instruments,Baptiste Bergeot; Christophe Vergez,https://doi.org/10.1007/s11071-021-07104-9,6
2017,JFI,Digital redesign of analog smith predictor for systems with long input time delays,Linbo Xie; Leang‐San Shieh; Jason Sheng-Hong Tsai; Shu‐Mei Guo; Alex C. Dunn,https://doi.org/10.1016/j.jfranklin.2017.07.014,6
2019,JFI,Delays compensation for an atmospheric sliced tomatoes dehydration process via state predictors,Omar‐Jacobo Santos‐Sánchez; Sabine Mondié; Liliam Rodríguez‐Guerrero; José-Carlos Carmona-Rosas,https://doi.org/10.1016/j.jfranklin.2019.09.036,6
2025,T-II,Temporal Re-Attention LSTM for Multivariate Prediction in Industrial Heating Process With Large Time Delays,Yifeng Pan; Chengqian Zhang; Ruoxiang Gao; Zhengchuan Guo; Yiming Chen,https://doi.org/10.1109/tii.2025.3528528,6
2025,T-II,Advancing Industrial Process Control With Deep Learning-Enhanced Model Predictive Control for Nonlinear Time-Delay Systems,Xiaoming Wang; Chaobo Zhang; Yiqi Liu; Xiaojun Liang; Chunhua Yang,https://doi.org/10.1109/tii.2025.3567401,6
2021,AST,Predictor-based pose stabilization control for unmanned vehicles on SE(3) with actuator delay and saturation,Xiuhui Peng; Yijia Zhou; Jianlan Yu; Kexin Guo; Zhiyong Geng,https://doi.org/10.1016/j.ast.2021.106942,6
2025,T-VT,String Stability Based Cloud Predictive Control of Vehicle Platoon With Random Time Delay,Fei Zhao; Huazhi Li; Jian Wang; Jiangkun Li,https://doi.org/10.1109/tvt.2025.3540551,6
2024,RAL,Position Prediction for Space Teleoperation With SAO-CNN-BiGRU-Attention Algorithm,Keli Wu; Haifei Chen; Lijun Li; Zhengxiong Liu; Haitao Chang,https://doi.org/10.1109/lra.2024.3498700,6
2025,T-CST,Empowering Autonomous Underwater Vehicles Using Learning-Based Model Predictive Control With Dynamic Forgetting Gaussian Processes,A. Amer; Mohit Mehndiratta; Yury Brodskiy; Erdal Kayacan,https://doi.org/10.1109/tcst.2025.3539218,6
2023,IJRNC,Sliding mode control for disturbance rejection and estimation under measurement delay with PDE‐backstepping predictor,Hardy Leonardo da Cunha Pereira Pinto; Tiago Roux Oliveira; Victor Hugo Pereira Rodrigues; Liu Hsu; Miroslav Krstić,https://doi.org/10.1002/rnc.7113,5
2024,IJRNC,New Predictor‐Based Anti‐Disturbance Control for Discrete‐Time Systems With Input Delay Subject to Time‐Varying Uncertainties,Shoulin Hao; R. Du; Tao Liu; Wojciech Paszke,https://doi.org/10.1002/rnc.7696,5
2024,IJRNC,Dominant‐pole placement for predictor synthesis,Bryan Rojas‐Ricca; Fernando Castaños; Sabine Mondié,https://doi.org/10.1002/rnc.7241,5
2017,T-Mech,A Model Compensation-Prediction Scheme for Control of Micromanipulation Systems With a Single Feedback Loop,Weize Zhang; Juntian Qu; Xuping Zhang; Xinyu Liu,https://doi.org/10.1109/tmech.2017.2721159,5
2024,T-IE,Cloud Control of Connected Vehicle Under Bidirectional Time-Varying Delay: An Application of Predictor–Observer Structured Controller,Jian Pan; Qing Xu; Keqiang Li; Chunying Yang; Jianqiang Wang,https://doi.org/10.1109/tie.2024.3355494,5
2024,T-IE,Robust Predictive Disturbance Observer-Based Repetitive Control for Time-Delay Systems With Application to CVCF Inverters,Wei Xiong; Zuo Wang; Jing Na; Baoyong Zhang; Shihua Li,https://doi.org/10.1109/tie.2024.3417982,5
2024,T-IE,Hybrid Approach to Train Delay Prediction: An Integration of Analytical Model and Deep Learning Techniques,Xingtang Wu; Wenbo Lian; Min Zhou; Hairong Dong; Fang Fang,https://doi.org/10.1109/tie.2024.3440505,5
2025,T-IE,Adaptive Smith Predictive Active Disturbance Rejection Control of Magnetic Suspended Rotor System Considering Time Delay,Chaowu Jin; Zhendong Hong; Gang Cui; Jin Zhou; Wenzheng Zhang,https://doi.org/10.1109/tie.2025.3544213,5
2024,T-II,Dynamic Sinter Quality Prediction Based on Time-Shifted State Space Reconstruction,Wei Liu; Cailian Chen; Yao Li; Xuehan Bai; Baocong Zhang,https://doi.org/10.1109/tii.2024.3485676,5
2024,T-II,Deep Learning Framework for Collaborative Variable Time Delay Estimation and Uncertainty Quantification in Industrial Quality Prediction,Liyi Yu; Wen Yu; Yao Jia; Tianyou Chai,https://doi.org/10.1109/tii.2024.3495788,5
2024,T-II,Virtual Unmodeled Dynamics Robust Predictive Control With Time-Delay Compensation for Automobile Air Conditioning Process,Bo Peng; Huiyuan Shi; Chengli Su; Jiangtao Cao; Ping Li,https://doi.org/10.1109/tii.2024.3428838,5
2025,T-VT,Zak-OTFS With Interleaved Pilots to Extend the Region of Predictable Operation,Jinu Jayachandran; Imran Ali Khan; Saif Khan Mohammed; Ronny Hadani; A. Chockalingam,https://doi.org/10.1109/tvt.2025.3579394,5
2006,JIRS,A Comparison of Fuzzy and CPWL Approximations in the Continuous-time Nonlinear Model-predictive Control of Time-delayed Wiener-type Systems,Simon Oblak; Igor Škrjanc,https://doi.org/10.1007/s10846-006-9075-z,5
2023,JIRS,Multi-Stage NMPC for a MAV based Collision Free Navigation Under Varying Communication Delays,Andreas Papadimitriou; Hedyeh Jafari; Sina Sharif Mansouri; George Nikolakopoulos,https://doi.org/10.1007/s10846-023-01818-1,5
2019,JAS,Stabilization of the cascaded ODE-Schrodinger equations subject to observation with time delay,Aye Aye Than; Jun‐Min Wang,https://doi.org/10.1109/jas.2019.1911588,5
2024,ESWA,The deep continual learning framework for prediction of blast-induced overbreak in tunnel construction,Biao He; Jialu Li; Danial Jahed Armaghani; Huzaifa Hashim; Xuzhen He,https://doi.org/10.1016/j.eswa.2024.125909,5
2018,IJRNC,Adaptation in truncated predictor feedback to overcome uncertainty in the delay,Yusheng Wei; Zongli Lin,https://doi.org/10.1002/rnc.4072,4
2020,IJRNC,Weighted predictor‐feedback formation control in local frames under time‐varying delays and switching topology,Antonio González; Rosario Aragüés; Gonzalo López‐Nicolás; Carlos Sagüés,https://doi.org/10.1002/rnc.4954,4
2020,IJRNC,A delay‐independent output feedback law for discrete‐time linear systems with bounded unknown input delay,Yusheng Wei; Zongli Lin,https://doi.org/10.1002/rnc.5374,4
2022,IJRNC,Prediction schemes for disturbance attenuation of discrete‐time linear systems with delayed input and delay‐free input,Yu Wang; Ai‐Guo Wu,https://doi.org/10.1002/rnc.6110,4
2023,IJRNC,Predictor‐based switching control for networked systems,Yanliang Cui; Lanlan Xu,https://doi.org/10.1002/rnc.6849,4
2023,IJRNC,State observer‐based predictive proportional‐integral tracking control for fuzzy input time‐delay systems,R. Sakthivel; N. Shobana; S. Priyanka; Oh‐Min Kwon,https://doi.org/10.1002/rnc.6681,4
2024,IJRNC,Output feedback H∞$$ {H}_{\infty } $$ control of linear systems with infinite distributed input delays,Qianghui Zhou; Lu Liu; Gang Feng,https://doi.org/10.1002/rnc.7342,4
2024,IJRNC,Distributed optimal output synchronization of heterogeneous multiagent systems with communication delays,Wei Zhao; Huaipin Zhang; Wenwu Yu,https://doi.org/10.1002/rnc.7369,4
2023,T-IE,Luminosity Sensing Application of Negative Group Delay Predictor,Blaise Ravelo; Mathieu Guérin; Lala Rajaoarisoa; Wenceslas Rahajandraibe,https://doi.org/10.1109/tie.2023.3321988,4
2023,T-VT,Lateral Stability Control of Buses: A Framework Considering the Steering Hysteresis Response Using Interleaved Predictive Control,Rui Fu; Bing Yang; Hailun Zhang; Eryuan Liu,https://doi.org/10.1109/tvt.2023.3306800,4
2024,T-VT,Deep Learning Supported Path Prediction and Channel Estimation for MIMO-OTFS System With High Delay Resolution,Daidong Ying; Feng Ye,https://doi.org/10.1109/tvt.2024.3493921,4
2025,T-VT,Reinforcement Learning-Based Low-Delay Data Collection in UAV-Assisted IoT for Secondary Geological Hazard Monitoring,Xiuwen Fu; Xiaoluoteng Song; Pasquale Pace; Gianluca Aloi; Giancarlo Fortino,https://doi.org/10.1109/tvt.2025.3554815,4
2025,T-VT,Distributed Cloud Model Predictive Control With Delay Compensation for Heterogeneous Vehicle Platoons,Jun-Xiao Zhao; Yaling Ma; Li Dai; Zhongqi Sun; Hanli Chen,https://doi.org/10.1109/tvt.2025.3555172,4
2024,CEP,"Enhanced control in time-delay processes: Diagnostic, monitoring, and self-tuning strategies for the filtered smith predictor in response to model-plant mismatch and abrupt load disturbances",Sergio Andres Castano Giraldo; Prı́amo A. Melo; Argimiro R. Secchi,https://doi.org/10.1016/j.conengprac.2024.105869,4
2022,T-AC,Predictive Feedback Control for Inventory Systems Subject to Delays and Constraints,Berna Bou Farraa; Rosa Abbou; Jean Jacques Loiseau,https://doi.org/10.1109/tac.2022.3217110,3
2022,Automatica,A generalized sequential subpredictor for input delayed systems under time-varying delay mismatches,Antonio González,https://doi.org/10.1016/j.automatica.2021.110116,3
2023,Automatica,Prediction-based control of multi-input linear systems subject to distinct unknown delays,Qin Fang; Zhengqiang Zhang,https://doi.org/10.1016/j.automatica.2023.111270,3
2022,IJRNC,Robust complete synchronization control design for non‐collocated nonlinear master–slave system over delayed communication network,Yana Yang; Huixin Jiang; Junpeng Li; Changchun Hua,https://doi.org/10.1002/rnc.6493,3
2023,IJRNC,Event‐triggered model‐free adaptive predictive control for multiple‐input and multiple‐output networked control systems under deception attacks,Fanghui Li; Zhongsheng Hou,https://doi.org/10.1002/rnc.6846,3
2024,IJRNC,Event‐triggered asynchronous distributed MPC for multi‐quadrotor systems with communication delays,Yupeng Shu; Chun Liu; Liang Xu; Yihuan Jin; Guijia Xu,https://doi.org/10.1002/rnc.7548,3
2024,IJRNC,Predictor‐based continuous‐discrete nonlinear observer design subject to aperiodic sampled and delayed measurement,Xincheng Zhuang; Haoping Wang; Yang Tian,https://doi.org/10.1002/rnc.7199,3
2025,IJRNC,Event‐Triggered Model‐Free Adaptive Predictive Control of Nonlinear Networked Control Systems With Time‐Varying Delays,Wencheng Luo; Pingli Lu; Haikuo Liu,https://doi.org/10.1002/rnc.70131,3
2020,JFI,Multiple step ahead prediction based high order discrete-time sliding mode control design with actuator and communication delays,Yousef Alipouri; Hasan Alipour; Biao Huang,https://doi.org/10.1016/j.jfranklin.2020.05.050,3
2024,T-IE,Hysteresis Inverse-Based Tracking Control of a Class of Hysteretic Nonlinear Systems With Input and Output Delays,Qin Fang; Zhengqiang Zhang; Chong Qin,https://doi.org/10.1109/tie.2024.3360613,3
2025,T-IE,Cognitive Digital Twins-Based Model Predictive Control for High-Frequency Power Converters,Jialin Zheng; Haoyu Wang; Yangbin Zeng; Han Xu; Di Mou,https://doi.org/10.1109/tie.2025.3579106,3
2024,T-ITS,Long-Term Airport Network Performance Forecasting With Linear Diffusion Graph Networks,Yuankai Wu; Jing Yang; Xiaoxu Chen; Yi Lin; Hongyu Yang,https://doi.org/10.1109/tits.2024.3420423,3
2024,T-ITS,Public Transit for Special Events: Ridership Prediction and Train Scheduling,Tejas Santanam; Anthony Trasatti; Pascal Van Hentenryck; Hanyu Zhang,https://doi.org/10.1109/tits.2024.3373634,3
2017,T-VT,A Comprehensive Forwarding Strategy in DTNs: Theory and Practice,En Wang; Yongjian Yang; Jie Wu; Wenbin Liu,https://doi.org/10.1109/tvt.2017.2721441,3
2024,T-VT,Cloud Control of Connected Vehicle Under Stochastic Bi-Directional Delay: An Asynchronized Predictor-Observer Method,Jian Pan; Qing Xu; Keqiang Li; Jianqiang Wang,https://doi.org/10.1109/tvt.2024.3362899,3
2024,T-VT,A Delay Compensation Framework Based on Eye-Movement for Teleoperated Ground Vehicles,Qiang Zhang; Lingfang Yang; Zhi Huang; Xiaolin Song,https://doi.org/10.1109/tvt.2024.3459865,3
2018,J.Aircraft,"Climb, Cruise, and Descent Speed Reduction for Airborne Delay Without Extra Fuel",Yan Xu; Ramon Dalmau; Xavier Prats,https://doi.org/10.2514/1.c034197,3
2023,CEP,Visual predictive control of fire monitor with time delay model of fire extinguishing jet,Pan Lu; Wei Li; Jinsong Zhu; Zhongguan Liu; Juxian Zhao,https://doi.org/10.1016/j.conengprac.2023.105816,3
2025,Mechatronics,Practical and robust incremental model predictive control for flexible-joint robots,Yongchao Wang; Tian Zheng; Maged Iskandar; Marion Leibold; Jinoh Lee,https://doi.org/10.1016/j.mechatronics.2025.103364,3
2024,T-IE,Advanced Self-Adapted Predictive Control Strategy for High-Power Vehicular Fuel Cell System Thermal Management,Zhaoming Liu; Guofeng Chang; Hao Yuan; Wei Tang; Jiaping Xie,https://doi.org/10.1109/tie.2024.3454468,2
2025,T-IE,An Input-Delay Compensation Strategy for Deadbeat Predictive Current Control of PMSM,Hongzhe Wang; Chun Gan; Haotian Ren; Chong Zhang; Xinzheng Shan,https://doi.org/10.1109/tie.2025.3561866,2
2025,T-ITS,A Deep Learning Method for Predicting Terminal Air Traffic Congestion Levels Based on Multimode Spatiotemporal Propagation Networks,Shanmei Li; Duanyang Wang; Siying Xu; Yuxin Wang; Mo Zhao,https://doi.org/10.1109/tits.2025.3610514,2
2025,T-VT,Zero-Delay Communications: A Predictive Semantic Communication Scheme Based on PCVAE,Xi Wang; Xuefei Li; Hongyuan Wang; Neng Ye; Jianping An,https://doi.org/10.1109/tvt.2025.3606126,2
2024,JIRS,Online Bilateral Predictive Control for Time-Delayed Teleoperation of Snake-like Robots,Mahdi Ebrahimian; Mina Pourmokhtari; Morteza Ghiyasi; Behnam Yazdankhoo; Borhan Beigzadeh,https://doi.org/10.1007/s10846-024-02113-3,2
2024,Drones,Predictive State Observer-Based Aircraft Distributed Formation Tracking Considering Input Delay and Saturations,Liguo Sun; Xiaoyu Liu; Wenqian Tan; Yi Deng; Junkai Jiao,https://doi.org/10.3390/drones8010023,2
2024,JAS,Event-Based Networked Predictive Control of Cyber-Physical Systems with Delays and DoS Attacks,Wencheng Luo; Pingli Lu; Changkun Du; Haikuo Liu,https://doi.org/10.1109/jas.2023.124131,2
2024,JAS,Prediction-Based State Estimation and Compensation Control for Networked Systems with Communication Constraints and DoS Attacks,Zhong‐Hua Pang; Qian Cao; Haibin Guo; Zhe Dong,https://doi.org/10.1109/jas.2024.124605,2
2025,T-AC,Trivariate Fundamental Matrix-Based Predictor Feedback Control for Discrete-Time Linear Systems With Time-Variant State-Delays and Distinct Input-Delays,Ai‐Guo Wu; Jie Zhang; Ying Zhang,https://doi.org/10.1109/tac.2025.3575682,1
2025,T-AC,Distributed Nash Equilibrium Seeking for Nonlinear Players With Time-Varying Measurement Delays,Zhaoming Sheng; Qian Ma,https://doi.org/10.1109/tac.2025.3617609,1
2019,Automatica,Comment on “New predictive scheme for the control of LTI systems with input delay and unknown disturbances” [Automatica 52 (2015) 179–184],Ai‐Guo Wu; Yu Wang,https://doi.org/10.1016/j.automatica.2019.108765,1
2023,Automatica,Inexact predictor feedback for multi-input nonlinear systems with distinct input delays,Qin Fang; Zhengqiang Zhang,https://doi.org/10.1016/j.automatica.2023.111399,1
2013,IJRNC,On higher-order truncated predictor feedback for linear systems with input delay,Bin Zhou; Zhao‐Yan Li; Zongli Lin,https://doi.org/10.1002/rnc.3012,1
2022,IJRNC,"Discrete time‐delay multiagent networks: Pseudo‐predictor, full‐order, and reduced‐order observer",Qingsong Liu; Li Chai,https://doi.org/10.1002/rnc.6211,1
2024,IJRNC,Predictive cloud control for nonlinear multiagent systems based on extended state observer and quantizers,Yan Ju Peng; Hongjiu Yang; Chao Ge; Zheng Yao,https://doi.org/10.1002/rnc.7348,1
2025,IJRNC,Constrained Robust Predictive Control of Discrete Switched Systems With Time Delay: Static and Dynamic Output Feedback Controllers,Maryam Aminsafaee; Mohammad Hossein Shafiei,https://doi.org/10.1002/rnc.7943,1
2025,IJRNC,High‐Order Predictive Extended State Observer Based Anti‐Disturbance Control for Input‐Delayed Systems Subject to Multi‐Source Disturbances,Shoulin Hao; Tao Liu; Wojciech Paszke; Qing‐Guo Wang,https://doi.org/10.1002/rnc.70065,1
2025,JFI,Lyapunov-based stochastic model predictive control of stochastic nonlinear systems with input-delay using multi-dimensional Taylor network,Xiao‐Yi Zheng; Hong‐Sen Yan,https://doi.org/10.1016/j.jfranklin.2025.107694,1
2025,T-IE,Suppression of Disturbances and Packet Losses in Networked Control Systems: A Data-Prediction Equivalent-Input-Disturbance Approach,Guangpu Huang; Lilin Liu; Wenjie Lin; Xiang Wu; Fanghong Guo,https://doi.org/10.1109/tie.2025.3629344,1
2025,T-II,Spatio-Temporal Feature Extraction for Predicting Large-Scale Train Delay Propagation in High-Speed Railway Networks,Xingtang Wu; Shuai Chen; Fang Fang; Min Zhou; Jiawei Nian,https://doi.org/10.1109/tii.2025.3593969,1
2025,T-II,Analysis of Model Free Predictors for Interface Signal Delay Compensation in Real-Time Cosimulation,Elutunji Buraimoh; Gökhan Özkan; Laxman Timilsina; Grace Muriithi; Behnaz Papari,https://doi.org/10.1109/tii.2025.3528548,1
2026,T-II,Multifrequency Decoupling Network With Dual-Stage Shift Segmental Modeling for Long-Term Prediction of Industrial Parameters,Changyao Lv; Xiaofeng Zhou; Guoliang Hu; Shuai Li; Shurui Liu,https://doi.org/10.1109/tii.2025.3650225,1
2000,T-AES,RLS-based predictor for latency compensation in DGPS,K. Deergha Rao,https://doi.org/10.1109/7.826341,1
2025,T-AES,Optimizing Ionospheric Semivariograms With Variable Correlation Parameters and Modeling Spatial Threats With Multiple Metrics for China Region,Hongwen Wang; Kun Fang; Zhipeng Wang; Xiaowei Lan; Xiaopeng Hou,https://doi.org/10.1109/taes.2025.3554152,1
2024,T-ITS,Heterogeneous Machine Learning Ensembles for Predicting Train Delays,Mostafa Al Ghamdi; Gerard Parr; Wenjia Wang,https://doi.org/10.1109/tits.2023.3337858,1
2025,T-ITS,Event-Triggered Tube-DMPC With Shrinking Ingredients for Vehicle Platoon Under Disturbance and Communication Delay,Qianyue Luo; James Lam,https://doi.org/10.1109/tits.2025.3561134,1
2025,T-ITS,Dynamic Spatial-Temporal Graph Convolutional Neural Networks Approach for Active Mode Traffic Prediction,Xiamei Wen; Panchamy Krishnakumari; Serge Hoogendoorn,https://doi.org/10.1109/tits.2025.3577742,1
2025,T-ITS,Distributed MPC for Virtually Coupled Train Set Subject to Safety Constraints With Communication Delays,Xiaolin Luo; Tao Tang; Hongjie Liu; Wei Ren,https://doi.org/10.1109/tits.2025.3587277,1
2015,T-VT,Nonasymptotic Multicast Throughput and Delay in Multihop Wireless Networks,Jingjing Luo; Li Yu; Jinbei Zhang; Xinbing Wang,https://doi.org/10.1109/tvt.2015.2465963,1
2024,T-VT,A New Perspective on Airport Delay Prediction: A Three-Channel Temporal Convolution Network With Complex Network Information,Shanmei Li; Dengjiang Sun; Chao Wang; Siying Xu; Yang Yang,https://doi.org/10.1109/tvt.2024.3487895,1
2025,RAL,Prediction of Delay-Free Scene for Quadruped Robot Teleoperation: Integrating Delayed Data With User Commands,Seunghyeon Ha; Seongyong Kim; Soo‐Chul Lim,https://doi.org/10.1109/lra.2025.3536222,1
2025,RAL,Predictor-Based Time Delay Control of a Hex-Jet Autonomous Aerial Vehicle,Junning Liang; Haowen Zheng; Yuying Zhang; Yongzhuo Gao; Wei Dong,https://doi.org/10.1109/lra.2025.3544062,1
2007,JIRS,Coprime-factorized Model Predictive Control for Unstable Processes with Delay,Igor Škrjanc,https://doi.org/10.1007/s10846-007-9136-y,1
2025,JIRS,Upper Limb Modeling for Delay-Compensated Motion Prediction using Dilated Convolution Based on sEMG and IMU Sensor Fusion,Jin‐Woo Kang; Young-Dae Hong,https://doi.org/10.1007/s10846-025-02319-z,1
2025,T-CST,Learning-Based Practical Nonlinear Predictive Controller for Solar Thermal Collector Fields,Igor M. L. Pataro; Juan D. Gil; J.D. Álvarez; José Luís Guzmán; João M. Lemos,https://doi.org/10.1109/tcst.2025.3571558,1
2024,UnmannedSys,Self-Triggered Formation Control of an Asynchronous Multiple Underwater Unmanned Vehicle Under Communication Delay,Zheping Yan; Jinyu Yan,https://doi.org/10.1142/s2301385026500020,1
2025,CEP,A zone predictive safety filter for drill string torsional vibrations control considering measurement delay and data loss,Yilong Zhang; Baochang Xu; Yiqi Chen; Wei Liu; Ruijie Gao,https://doi.org/10.1016/j.conengprac.2025.106561,1
2026,JAS,Networked Predictive Control: A Survey,Zhong‐Hua Pang; Tong Mu; Yi Yu; Haibin Guo; Guo-Ping Liu,https://doi.org/10.1109/jas.2025.125234,1
2025,T-AC,Sampled-Data Consensus Control With Distinct Input Delays and Switching Networks,Ran Huang; Jinhui Zhang,https://doi.org/10.1109/tac.2025.3577962,0
2025,T-AC,Delay-Adaptive Finite-Dimensional Control of Systems With Unknown Short Input Delay,Adrián Ramírez,https://doi.org/10.1109/tac.2025.3579257,0
2025,T-AC,Stabilization of First-Order Hyperbolic PDE Systems With Input Delay and Multiplicative Noise,Xiaomin Xue; Juanjuan Xu; Huanshui Zhang,https://doi.org/10.1109/tac.2025.3634822,0
2020,Automatica,Comment on “New predictive scheme for the control of LTI systems with input delay and unknown disturbances [Automatica 52 (2015) 179–184]”,Jun Sun,https://doi.org/10.1016/j.automatica.2020.108979,0
2025,Automatica,Predictor-based composite disturbance rejection control for discrete-time linear systems with input delay and disturbance,Xing Hu; Jinhui Zhang; Zheng‐Guang Wu,https://doi.org/10.1016/j.automatica.2025.112408,0
2026,Automatica,Predictor-based attitude control for rigid body systems with input delays,Siri Marte Schlanbusch; Jing Zhou,https://doi.org/10.1016/j.automatica.2026.112893,0
2024,IJRNC,Stabilization of nonlinear stochastic systems with input and output delays via event‐triggered predictive control,Dinglin Deng; Ping He; Peng Shi; Levente Kovács,https://doi.org/10.1002/rnc.7309,0
2024,IJRNC,Constrained model predictive control for networked jump systems under denial‐of‐service attacks and time delays,Li Qiu; Runjie Chen; Shaolie Lin; Xueliang Liu; Marzieh Najariyan,https://doi.org/10.1002/rnc.7529,0
2025,IJRNC,Predictor‐Based Adaptive Robust Control for Input Delay Systems With Lipschitz Nonlinear Uncertainties and Disturbances,Han Lai; Yang Zhu; Zheng Chen; Bin Yao,https://doi.org/10.1002/rnc.70130,0
2025,IJRNC,Multi‐Rate Sampled and Delayed Output Signal Prediction‐Based Observer Design for Two‐Stage Anaerobic Digestion Process,Hongxuan Li; Haoping Wang; Yang Tian; Xincheng Zhuang; Lyudmila Kabaivanova,https://doi.org/10.1002/rnc.70234,0
2026,IJRNC,Observer‐Based Affine Formation Maneuver Control of Multi‐Agent Systems With Time Delays,Mengqing Wang; Fei Wang; Yunliang Wei; Chuan Zhang,https://doi.org/10.1002/rnc.70420,0
2026,IJRNC,Disturbance Attenuation Control of Continuous‐Time Linear Input‐Delayed Systems Based on Parametric Predictors,Shi-Long Shen; Ai‐Guo Wu; Yu Wang,https://doi.org/10.1002/rnc.70430,0
2026,IJRNC,Sampled‐Data Control of Nonlinear Systems With Input Delay Using Memoryless Feedback,Xueliang Liu; Wei Lin; Jian Chen,https://doi.org/10.1002/rnc.70381,0
2026,IJRNC,Predictive ESO‐Based Anti‐Disturbance Control Design for a Class of Nonlinear Systems With Time‐Varying Input Delay,Yihui Gong; Shoulin Hao; Tao Liu; Naseem Ahmad; Wen‐Hua Chen,https://doi.org/10.1002/rnc.70474,0
2024,JFI,Pose stabilization control for actuator delayed rigid body dynamics on SE(3) with predicted feedback,Xiuhui Peng; Yijia Zhou; Zhiyong Sun; Ka‐Veng Yuen,https://doi.org/10.1016/j.jfranklin.2024.106866,0
2025,JFI,Advancing control of Boolean control networks with delays in output and states: From the Smith predictor to its modification,Weiwei Zhang; Yuanchang Sun; Kai Huang,https://doi.org/10.1016/j.jfranklin.2025.107767,0
2025,JFI,Observer-based tracking control for linear system with input delays and disturbances using predictors and sub-predictors,Ba Huy Nguyen; The Dong Dang; Igor B. Furtat; П. А. Гущин,https://doi.org/10.1016/j.jfranklin.2025.108117,0
2025,T-IE,Digital Twin-Based Physical–Virtual Synchronization Control for a Carlike Mobile Robot Under Communication Delays,Yuanqing Xia; Yan Peng; Hongjiu Yang; Bing Cui; Lijie You,https://doi.org/10.1109/tie.2025.3587101,0
2025,T-IE,Delay Compensation for Remote Driven Vehicles: An SRCKF-Based Predictor,Lin Zhao; Mikael Nybacka; Malte Rothhämel; Jonas Mårtensson,https://doi.org/10.1109/tie.2025.3613626,0
2026,T-IE,Shattering Latency Boundaries: An LSTM–RCM Driven Smith Predictor for Path Tracking Control Under Time Delay,Seokki Lee; Junmin Park; Munyu Kim; Joono Cheong,https://doi.org/10.1109/tie.2026.3661018,0
2026,T-II,Fairness-Aware Deterministic Joint Offloading and Scheduling for Industrial Edge Computing,Yingfei Yao; Nan Zhou; Shunchun Yao; Xiaojun Liang; Wenfeng Deng,https://doi.org/10.1109/tii.2026.3654608,0
2026,T-II,Predictive Monitoring of Industrial Processes and Quality Indices via Joint Training of Soft Sensor and Time-Series Forecasting,Yonghang Li; Xiaochen Hao; Xunian Yang; Xingzhi Zheng; Libin Wei,https://doi.org/10.1109/tii.2026.3664090,0
2025,T-AES,A Zenith Tropospheric Delay Prediction Model Based on VMD-LSTM Neural Network,Kaihui Lv; Chenglin Cai; Yihao Cai; Yun Fang; Zexian Li,https://doi.org/10.1109/taes.2025.3609313,0
2026,T-AES,Anti-Jamming Routing Based Graph Neural Network for Satellite Constellation Defense,Senbai Zhang; Aijun Liu; Chen Han; Kang An; Zhi Lin,https://doi.org/10.1109/taes.2026.3677860,0
2026,T-AES,Data-Driven Koopman Model Predictive Control of Free-Floating Space Robots Under Time Delays and Unknown Dynamics,Saurabh Chaudhary; Niladri S. Tripathy; Suril V. Shah,https://doi.org/10.1109/taes.2026.3683851,0
2025,AST,Model predictive control for aircraft engine thermal management under nonlinear heat transfer and time delay,Ke-Lun He; Tianyi Zhang; Xiao-Guang Zhang; Qun Chen,https://doi.org/10.1016/j.ast.2025.111491,0
2026,AST,Discrete exponentially stable prediction-based controller under time delay with application to unmanned helicopters,Seong-Min Lee; Jihun Song; Yonghyun Cho; Hungsun Son,https://doi.org/10.1016/j.ast.2026.111935,0
2025,T-ITS,"Virtual Coupling Formation Control for Heterogeneous High-Speed-Trains With Uncertain Dynamics, Nonuniform Communication Delays and Switching Topologies",Sara Leccese; Dario Giuseppe Lui; Alberto Petrillo; Stefania Santini,https://doi.org/10.1109/tits.2025.3633284,0
2025,T-ITS,Exact Predictor-Feedback CACC of Heterogeneous Vehicular Platoons With Distinct Actuation Delays,Amirhossein Samii; Nikolaos Bekiaris‐Liberis,https://doi.org/10.1109/tits.2025.3639208,0
2025,T-VT,DMPC Formation Control via Memory-Based Double Random Processes for UAVs With Communication Delay and Packe Dropout Under Multi-Round Formation Missions,Yuan Li; Chaofang Hu; Mingwei Sun,https://doi.org/10.1109/tvt.2025.3628672,0
2025,T-VT,A Site-Specific Channel Large-Scale Parameter Model With Ray-Based Validation,Lingyou Zhou; Jie Zhang; Jiliang Zhang; Kan Lin; Weijie Qi,https://doi.org/10.1109/tvt.2025.3640770,0
2026,T-VT,Deep State-Space Modeling of Channel Dynamics for CSI Prediction in LEO Non-Terrestrial Networks,Iqra Hameed; Md Habibur Rahman; Muhammad Usman; Hyoung-Kyu Song; Muhammad Rafid,https://doi.org/10.1109/tvt.2026.3655374,0
2026,T-VT,Energy-Efficient Predictive RIS Beamforming in Multi-Satellite LEO Networks Using Twin-Delayed Deep Reinforcement Learning,Muhammad Khalil; Ke Wang; Jinho Choi,https://doi.org/10.1109/tvt.2026.3675643,0
2026,T-VT,Multiple-RIS-Aided Predictable V2V Communications in Graph Structure with Doppler Spread Suppression,X F Wang; Ruixin Cao; Dongchan Sun,https://doi.org/10.1109/tvt.2026.3690198,0
2025,RAL,A Shared-Control Teleoperation System Based on Potential-Field-Constraint Prediction,Pengpeng Li; Weihua Li; Zhiwei Lian; Hongjun Xing; Bindi You,https://doi.org/10.1109/lra.2025.3643275,0
2026,RAL,Confidence-Based Intent Prediction for Teleoperation in Bimanual Robotic Suturing,Zhaoyang Jacopo Hu; Haozheng Xu; S Y Kim; Yanan Li; Ferdinando Rodriguez y Baena,https://doi.org/10.1109/lra.2026.3653386,0
2022,T-CST,A Nonlinear Predictive Control Approach for Urban Drainage Networks Using Data-Driven Models and Moving Horizon Estimation,Krisztian Mark Balla; Christian Schou; Jan Dimon Bendtsen; Carlos Ocampo‐Martínez; Carsten Skovmose Kallesøe,https://doi.org/10.1109/tcst.2021.3137712,0
2026,T-CST,Real-Time Short-Term Delay Compensation for Optoelectronic Tracking Control System Under Uncertainty of Target Model,Xiushuo Wang; Zhaobing Chen; Letang Xue; Zhaolong Wu; Xiangru Ding,https://doi.org/10.1109/tcst.2026.3677447,0
2025,UnmannedSys,Observer-Based Affine Formation Maneuver Control of Second-Order Multi-Agent Systems with Time Delays,Mengqing Wang; Fei Wang,https://doi.org/10.1142/s2301385026500603,0
2025,CEP,Robust prediction-based control for unknown time-varying delays and disturbances in spherical motion platform,Seong-Min Lee; Seong-Min Lee; Sangheon Lee; Sangheon Lee; Hungsun Son,https://doi.org/10.1016/j.conengprac.2025.106400,0
2026,CEP,Intelligent compensation for uncertain time delay in vehicle magnetorheological suspension control using predictive experience,Liu Zhan; Xiaowei Xu; Zian Bai; Xiaofeng Guo; Mingxing Deng,https://doi.org/10.1016/j.conengprac.2026.106796,0
2025,JAS,KT-RC: Kernel time-delayed reservoir computing for time series prediction,Heshan Wang; Mengmeng Chen; Kunjie Yu; Jing Liang; Zhaomin Lv,https://doi.org/10.1109/jas.2024.124986,0
2025,ESWA,Robust state estimation for networked systems with transmission delays via predictive event-triggered sampling,Xincheng Zhuang; Haoping Wang; Yang Tian,https://doi.org/10.1016/j.eswa.2025.130942,0
2026,ESWA,Real-time delay-compensated UWB localization for dynamic agents via deep trajectory prediction,Somayeh Modaberi; Behrouz Far,https://doi.org/10.1016/j.eswa.2026.132248,0
2026,T-IE,Improved Predictive Speed Control of Brushless Dual Rotor Motors Considering Speed Measurement Delay and Virtual Inertia Identification,Hui Wu; Shuangxia Niu; Zekai Lyu; Zhenyao Sun; Mingyuan Jiang,https://doi.org/10.1109/tie.2026.3688796,0
